slug,название,дата выхода,возрастной рейтинг,жанры,разработчики,издатели,основная платформа,оценка критиков,рецензий,оценка игроков,оценок,плюсы (критики),минусы (критики),вывод (критики),отзывов критиков,плюсы (игроки),минусы (игроки),вывод (игроки),отзывов игроков,модель,летсплей,ссылка на летсплей,канал,просмотры,длительность (мин),язык,расшифровка,о чём ролик,итог ролика,блогер хвалит,блогер ругает,ошибка летсплея,ссылка Metacritic,видео,обложка,обновлена
elden-ring-tarnished-edition,Elden Ring: Tarnished Edition,2026-08-28,M,Action RPG,From Software,Bandai Namco Games; From Software,Nintendo Switch 2,90,53,8.2,140,"Игра отлично подходит для портативного режима, позволяя проходить масштабное приключение в дороге; Порт включает в себя основную игру, дополнение, дополнительные классы и оружие, что делает его полной версией проекта; Несмотря на технические компромиссы, игра сохраняет высокое качество и масштаб оригинала","Наблюдаются проблемы с производительностью, включая падения частоты кадров; Визуальное качество в порте ниже, чем на более мощных платформах; Один из критиков отмечает сложность освоения новой боевой системы; В игре встречаются технические огрехи, такие как проблемы с подключением и мелкий текст; Один из критиков пишет, что работа онлайн-сессий после режима сна консоли может вызывать раздражение","Отзывы критиков в основном положительные, однако они подчеркивают наличие технических компромиссов в порте для Nintendo Switch 2.",10 из 53,"Игроки отмечают высокое качество графики и визуального исполнения игры; Пользователи хвалят техническое состояние порта, отмечая хорошую оптимизацию и стабильную работу на Nintendo Switch 2; Игрокам нравится возможность играть в портативном режиме; Игроки высоко оценивают объем контента и масштаб открытого мира; Некоторые игроки довольны доступной ценой издания","Один игрок считает графику в этой версии хуже, чем на других платформах; Один игрок пишет, что игра не приносит удовольствия и не стоит затраченных усилий; Один игрок отмечает, что игра совсем не интересная; Один игрок жалуется на низкую частоту кадров, которая портит игровой опыт; Один игрок пишет, что лор игры слишком скрыт","Отзывы игроков в основном положительные, однако встречаются и крайне негативные оценки.",15 из 140,gemma-4-12b-it-qat,готов,https://www.youtube.com/watch?v=ske11nLVHhs,Proz Kryptix,63082,77.9,en,Whisper,"В данном ролике Kryptix Plays исследует возможности Elden Ring: Tarnished Edition, экспериментируя с различными билдами, новым оружием и способностями. Блогер подробно тестирует механику парирования, собирает талисманы и снаряжение, а также оценивает новые косметические предметы и контент дополнения.","Блогер остался доволен Elden Ring: Tarnished Edition, особенно отметив улучшения для ПК и новые возможности кастомизации. Несмотря на периодическое разочарование балансом урона и странным поведением некоторых боссов, общее впечатление от игры осталось положительным.",Высокий урон от выбранного билда; Механика парирования ощущается приятно и кажется более отзывчивой; Новая броня для Torrent получила качественные звуковые эффекты; В игре есть возможность менять внешний вид коня; Новый класс Idis Knight обладает сбалансированными характеристиками,Некоторые новые атаки не наносят ожидаемого урона; Некоторые механики или движения боссов кажутся странными или багнутыми; Способность оружия кажется бесполезной или странной; Ограниченное количество доступных улучшений для оружия в начале игры; Неочевидная или странная механика появления врагов,,https://www.metacritic.com/game/elden-ring-tarnished-edition/,https://cdn.jwplayer.com/players/OXExoEAD.html,https://www.metacritic.com/a/img/catalog/provider/7/2/7-1787423371.jpg,2026-09-15 12:43
valheim,Valheim,2026-09-09,,Sandbox,Iron Gate AB,Coffee Stain Publishing,PC,89,17,7.6,102,"Критики отмечают, что игра обладает великолепным визуальным стилем и музыкой.; Игра предлагает масштабные миры с разнообразными биомами и глубокими механиками строительства баз, крафта и прогрессии навыков.; Критики хвалят игру за атмосферу, которая создает напряженные и захватывающие истории.; Один из критиков называет игру эпическим приключением с огромным объемом контента, позволяющим достигать мифических целей.; Критики отмечают, что игра является одной из лучших и наиболее вознаграждающих в жанре выживания.","Один из критиков отмечает наличие некоторых технических проблем.; Один из критиков пишет, что путь к определенным локациям может быть долгим и раздражающим.; Один из критиков жалуется на наличие множества мелких багов.",Все отзывы критиков носят исключительно положительный характер.,10 из 16,"Один из игроков считает игру эталоном жанра крафтинга и выживания.; Игроки отмечают глубокую и уникальную прогрессию между различными биомами.; В игре удачно сочетаются механики приключений, сражений, строительства и фермерства.; Игрокам нравится исследовать разнообразных врагов и сильно отличающиеся друг от друга биомы.; Один из игроков отмечает, что система питания работает как временный бонус к характеристикам, что делает её более вознаграждающей.","Один из игроков считает игру слишком медленной.; Один игрок пишет, что игра требует слишком много терпения из-за медленных действий, таких как рубка деревьев.; Один игрок отмечает, что игра становится невыносимо сложной и нудной в локации Mistlands.; Один игрок крайне недоволен визуальным стилем и интерфейсом игры.; Один игрок критикует игру за отсутствие привычных для жанра функций удобства и называет ландшафт бездушным.","Отзывы игроков носят преимущественно положительный характер, однако встречаются и резкие отрицательные оценки.",15 из 97,gemma-4-12b-it-qat,готов,https://www.youtube.com/watch?v=j-bN-MUzvI0,Cornelius,1902152,113.0,de,Whisper,"В данном ролике блогер делится своим опытом выживания в Valheim в течение 100 дней, охватывая путь от каменного века до продвинутых этапов развития. Он подробно описывает процессы строительства базы, terraforming, фермерства, исследования различных биомов и подготовки к сражениям с боссами. Автор анализирует прогрессию персонажа, механику крафта и свои открытия в игровом мире.","Блогер доволен Valheim, отмечая глубокие механики строительства, разнообразие контента и приятную атмосферу сочетания суровости и уюта. Несмотря на наличие технических ошибок, проблем с балансом ресурсов и дымоудаления, игра оставляет позитивные впечатления благодаря ощущению прогресса.",Возможности строительства и планировки базы; Полезные и интересные новые механики и предметы; Удобная возможность быстрого перемещения домой через порталы; Появление большого количества нового контента и предметов по сравнению с релизом игры; Атмосфера игры сочетает в себе суровость и уют,Технические ошибки и баги игры; Проблемы с системой дымоудаления в постройках: дым задерживается под крышей и душит печи; Слишком высокая сложность добычи серебра; Недостаток серебра в горах; Сложность разрушения некоторых объектов,,https://www.metacritic.com/game/valheim/,https://cdn.jwplayer.com/players/sEL0xkzy.html,https://www.metacritic.com/a/img/catalog/provider/7/2/7-1781630474.jpg,2026-09-16 10:00
welcome-to-elderfield,Welcome to Elderfield,2026-09-10,,RPG,Chris Cote,Kwalee Ltd,PC,86,10,8.4,23,"Критикам нравится сочетание атмосферы уютного симулятора фермы с элементами хоррора; Игра выделяется уникальной эстетикой, художественным стилем и атмосферой; Критики отмечают наличие глубоких секретов, многослойности и объема контента в поселении; Один из критиков отмечает, что игра успешно сочетает юмор, хоррор и спокойствие; Один из критиков пишет, что игра напоминает темную версию Stardew Valley","Критики указывают на проблемы с понятностью прогрессии и технические ошибки; Один из критиков отмечает, что прогресс в игре может ощущаться как неприятная рутина; Один из критиков пишет, что некоторым элементам игры требуется более понятное объяснение",Все отзывы критиков носят положительный характер.,10 из 10,"Один из игроков отмечает, что игра обладает глубокой проработкой мира и детальной атмосферой.; Игроки хвалят музыку и визуальный стиль игры.; Один из игроков пишет, что в игре есть пошаговые RPG-сражения.; Игроки положительно оценивают необычный подход к жанру уютного симулятора фермы с элементами хоррора.; Один из игроков поражен тем, что такая качественная игра создана на движке RPG Maker.","Один игрок пишет, что в игре отсутствуют фильтры для людей с цветовой слепотой.","В выборке представлено четыре положительных отзыва, которые подчеркивают атмосферность и уникальное сочетание жанров.",4 из 22,gemma-4-12b-it-qat,готов,https://www.youtube.com/watch?v=zShxf0U9wBA,Gab Smolders,277889,118.5,en,Whisper,"В ролике блогер знакомится с демоверсией Welcome to Elderfield, исследуя мир, сочетающий элементы фермерства, RPG и хоррора. Автор оценивает визуальный стиль, систему крафта, рыбалку и различные механики взаимодействия с окружением, такие как система новостей и благословений. На протяжении прохождения блогер анализирует баланс между сельской жизнью и исследованием загадочных зон.","Блогер остался доволен демоверсией, отметив её качественную атмосферу и глубину механик, несмотря на некоторые неудобства интерфейса и меньшее количество фермерства, чем ожидалось изначально.",Привлекательный визуальный стиль; Интересная система новостей; Полезные и разнообразные функциональные объекты; Хорошее качество графики и атмосферы; Удобная система автоматического экипирования,"Ограниченное количество места в инвентаре; Сложность размещения некоторых объектов; Неожиданная механика респауна монстров при омовении; Отсутствие возможности пропуска времени во время сна; Непонятно, что делать с визуальными изменениями окружения",,https://www.metacritic.com/game/welcome-to-elderfield/,https://video.akamai.steamstatic.com/store_trailers/3195440/20953532/b874bce6c91105e7b363ac88ac03aba01962bffb/1789037202/hls_264_master.m3u8?t=1789051815,https://www.metacritic.com/a/img/catalog/provider/7/2/7-1788886647.jpg,2026-09-16 10:00
onimusha-way-of-the-sword,Onimusha: Way of the Sword,2026-09-04,M,Action Adventure,Capcom,Capcom,PlayStation 5,85,101,8.6,612,"Критики отмечают, что игра успешно сохраняет суть франшизы Onimusha, адаптируя её к современным возможностям; Боевая система получила высокую оценку за отзывчивость, интуитивность и упор на столкновение клинков; Игроки хвалят захватывающие сражения с боссами; Критики отмечают улучшение оптимизации и визуальной подачи благодаря использованию RE Engine; Один из критиков отмечает наличие в игре приятного чувства юмора","Критики указывают на наличие лишнего контента, затянутости и не всегда удачного темпа игры; Некоторые критики недовольны однообразными побочными активностями и недостаточным разнообразием врагов; Один из критиков отмечает, что базовые враги ведут себя слишком пассивно; Критики указывают на слабые аспекты дизайна уровней, структуры мира и прогрессии по сравнению с конкурентами жанра; Один из критиков пишет, что игре не хватает четкой общей концепции","Отзывы критиков в основном положительные, однако они указывают на наличие заметных проблем с темпом игры, избыточным контентом и недостаточной вариативностью врагов на фоне сильной боевой системы.",17 из 100,"Игроки хвалят боевую систему за разнообразие механик, приятное ощущение от ударов и парирований, а также за динамику сражений.; Многие отметили впечатляющие битвы с боссами, которые выделяются качественными кат-сценами и запоминающимися образами.; Игроки высоко оценили визуальное исполнение, включая дизайн персонажей, анимации и общую атмосферу.; Один из игроков отмечает, что сюжет и персонажи прописаны хорошо и интересно.; Один игрок пишет, что игра обладает отличным визуальным стилем и качественными анимациями.","Критики и игроки жалуются на повторяющиеся элементы: частое использование одних и тех же врагов, повторные битвы с боссами и однообразные побочные задания.; Некоторые пользователи критикуют дизайн уровней и исследование мира, называя их пустыми, скучными или однообразными.; Игроки указывают на проблемы с управлением и техническим состоянием: медлительность движений, отсутствие отзывчивости и плохую работу движка RE Engine.; Один игрок пишет, что игра страдает от плохого баланса, из-за которого обычные противники слишком слабые, а боссы — либо слишком сложными, либо слишком простыми.; Один игрок отмечает, что в игре отсутствуют стандартные раскладки управления для легких и тяжелых атак.","Отзывы на игру имеют смешанный характер: игроки высоко оценивают боевую систему, качество анимаций и битвы с боссами, однако часто жалуются на повторяющийся контент, медлительность управления и проблемы с балансом.",39 из 564,gemma-4-12b-it-qat,готов,https://www.youtube.com/watch?v=mhnIKRRYcys,Hollow,207652,43.5,en,Whisper,"Блогер делится впечатлениями от демоверсии Onimusha: Way of the Sword, отмечая, что игра очень понравилась ему по динамике боя и атмосфере. Он хвалит визуальную составляющую, отзывчивость управления и систему боевых механик, включая парирование и разрушение врагов. Несмотря на некоторые трудности с уклонением, он признает, что игровой процесс очень увлекательный и заставляет его хотеть купить полную версию игры.","Блогер крайне доволен игрой и планирует пройти её после релиза, отметив, что демоверсия пролетела очень быстро из-за увлекательного геймплея.",высокое качество графики на максимальных настройках; приятное ощущение от парирования; атмосферная визуальная составляющая; удовлетворительная механика разрезания врагов пополам; приятное ощущение от боевой системы,сложность управления уклонением; неожиданно пугающие моменты в стиле хоррора,,https://www.metacritic.com/game/onimusha-way-of-the-sword/,https://cdn.jwplayer.com/players/Eibtv31Y.html,https://www.metacritic.com/a/img/catalog/provider/7/2/7-1781631535.jpg,2026-09-16 10:00
the-blood-of-dawnwalker,The Blood of Dawnwalker,2026-09-03,M,Action RPG,Rebel Wolves,Bandai Namco Games,PlayStation 5,83,69,8.3,981,"Критики отмечают сильный и захватывающий сюжет с интересными поворотами, глубокими персонажами и значимыми выборами игрока; Мир игры проработан детально, обладает атмосферностью и глубоким погружением в темное фэнтези; Игрокам понравились инновационные механики, такие как система навыков для дня и ночи, направленный бой и ограничение по времени в 30 дней; Игра получила положительные оценки за профессиональную полировку, качественный саундтрек и общую увлекательность игрового процесса","Критики указывают на посредственный или примитивный бой, а также на неуклюжие механики управления и перемещения; Некоторые авторы жалуются на однообразный открытый мир, повторяющиеся задания и недостаточную визуальную подачу; Механика ограничения по времени подверглась критике за непоследовательную реализацию, избыточное давление или произвольность; Один из критиков отмечает наличие проблем с техническим состоянием в виде скованных анимаций лиц","Большинство критиков оценивают игру положительно, выделяя сильный сценарий и атмосферу, однако отмечают проблемы с боевой системой и реализацией некоторых механик.",17 из 69,"Один из критиков отмечает, что сюжет и повествование являются лучшим в игре, захватывая с первой минуты.; Один игрок пишет, что мир игры богат и продуман, а квесты в горах запоминаются.; Один игрок отмечает, что игра обладает отличной атмосферой и глубоким погружением в мир.; Один игрок пишет, что озвучка выполнена великолепно, и актеры отлично вжились в роли.; Один игрок отмечает, что механика управления временем интересна, так как заставляет внимательно выбирать активности.","Один игрок пишет, что техническое состояние игры ужасное: встречаются краши, статтеры, скачки FPS и непрогрузка текстур.; Один игрок отмечает, что игра плохо оптимизирована на PS5 и работает крайне плохо в режиме высокого качества.; Один игрок пишет, что камера расположена неудобно и персонаж должен быть в центре экрана.; Один игрок пишет, что управление контроллером очень неудобное и игра, похоже, не оптимизирована под него.; Один игрок пишет, что система боя сложная, но при этом она ощущается неуклюжей и неорганичной.","Отзывы игроков носят крайне противоречивый характер: при наличии высоких оценок за сюжет и атмосферу, многие жалуются на критические технические проблемы и неудобное управление.",43 из 936,gemma-4-12b-it-qat,готов,https://www.youtube.com/watch?v=nLgbKoY6ZlE,Neon Knight,1400195,17.2,en,Whisper,"Блогер крайне положительно оценивает The Blood of Dawnwalker, называя её отличной игрой для тех, кто ценит сюжет и персонажей. Он особо выделяет проработанный мир, интересные квесты и систему боя, которая сочетает в себе экшен и стратегию. Основной особенностью игры является система ограничения времени (30 игровых дней), которая заставляет игрока планировать свои действия и выбирать приоритеты. Несмотря на наличие некоторых технических багов, блогер полностью рекомендует игру.","Блогер полностью рекомендует The Blood of Dawnwalker, называя её отличной игрой с захватывающим сюжетом, глубокими персонажами и увлекательным геймплеем.",отличный сюжет и глубокие персонажи; проработанный мир и лор; качественные и интересные квесты; приятная и стратегическая боевая система; хорошая графика,враги иногда слишком живучие; некоторые технические ошибки; редкие вылеты на главном меню,,https://www.metacritic.com/game/the-blood-of-dawnwalker/,https://cdn.jwplayer.com/players/eSfGZryF.html,https://www.metacritic.com/a/img/catalog/provider/7/2/7-1777678175.jpg,2026-09-16 10:00
orbitals,Orbitals,2026-09-03,E10+,Linear Action Adventure,Shapefarm,Kepler Interactive,Nintendo Switch 2,82,81,8.5,95,"Критики отмечают визуальный стиль игры, вдохновленный аниме 80-х и 90-х годов, который многие назвали впечатляющим и запоминающимся; Игрокам нравится кооперативный режим на разделенном экране, который способствует взаимодействию и совместному прохождению; Критики хвалят удобное управление, которое легко освоить новичкам; В игре отмечают приятную музыку и качественную озвучку; Один из критиков отмечает наличие интересных и продуманных механик для совместного прохождения","Критики указывают на недостаточную глубину сюжета, который кажется слишком простым или поспешным; Некоторые рецензенты недовольны коротким объемом контента и недостаточной сложностью пазлов; Один из критиков отмечает проблемы с балансом взаимодействия между игроками, когда один может просто следовать за другим; Критики указывают на технические огрехи в работе камеры в определенных ситуациях","Большинство критиков положительно оценивают Orbitals, особенно выделяя её уникальную визуальную эстетику и удачный кооперативный геймплей. Однако отзывы разделились в оценках длительности игры и глубины повествования, которые многим показались недостаточными.",20 из 81,"Игрокам нравится визуальный стиль в духе аниме 1980-х годов, который создает атмосферу старого мультфильма; Пользователи высоко оценили графику, анимации и художественное оформление уровней; Игроки хвалят кооперативный геймплей, который требует взаимодействия и общения между партнерами; Игрокам понравился дизайн уровней и головоломок, которые оцениваются как сложные, но честные; Один из игроков отмечает удобство игры по сети, так как для участия не требуется вторая копия игры или наличие консоли","Игроки жалуются на слабый сюжет, недостаточную проработку персонажей и слишком быстрый темп повествования; Один из игроков пишет, что управление в игре кажется дерганым и не всегда отзывчивым; Игроки критикуют отсутствие одиночного режима, что делает игру недоступной для тех, у кого нет напарника; Один игрок отмечает, что игра ощущается как недоработанный прототип с однообразными задачами и скучным прогрессом; Игроки недовольны техническими аспектами: режимом разделенного экрана, который ограничивает обзор, и наличием диалогов на японском языке","Отзывы игроков разделились: многие хвалят уникальную визуальную стилистику и качественный кооперативный геймплей, однако другие критикуют слабый сюжет, отсутствие одиночного режима и технические огрехи.",19 из 93,gemma-4-12b-it-qat,готов,https://www.youtube.com/watch?v=rEJIWfeRrN0,CyYuVtuber,20541,56.7,en,Whisper,"Блогер делится впечатлениями от кооперативного приключения Orbitals, которое выполнено в стиле аниме 80-х и 90-х годов. Он отмечает визуальный стиль игры, сравнивая его с классическими работами, и хвалит внимание к деталям. В ходе прохождения блогер описывает специфические механики управления, такие как управление кораблем и использование различных инструментов, а также отмечает сложность некоторых моментов. Несмотря на некоторые трудности с управлением, он получает удовольствие от процесса и атмосферы игры.","Orbitals — это атмосферное кооперативное приключение с выразительным визуальным стилем в духе старых аниме. Блогер оценил графику и внимание к деталям, однако отметил, что управление кораблем может показаться странным или ограниченным. Несмотря на некоторые технические нюансы и сложность механик, игра оставляет приятное впечатление благодаря своей эстетике и динамике.",Визуальный стиль игры напоминает классическое аниме; Внимание к деталям в графике; Игра выглядит как качественное 3D-переосмысление 2D-стилистики; Удовлетворительная анимация нажатия кнопок; Приятная музыка,Сложное и специфическое управление кораблем; Механика управления кажется ограниченной; Некоторые элементы управления работают нестабильно,,https://www.metacritic.com/game/orbitals/,,https://www.metacritic.com/a/img/catalog/provider/7/2/7-1787423536.jpg,2026-09-16 10:00
moonlighter-2-the-endless-vault,Moonlighter 2: The Endless Vault,2026-09-02,,Action RPG,Digital Sun,11 bit studios; Silver Lining Interactive,PC,80,9,8.4,11,"Критики отмечают, что игра является качественным улучшением первой части, предлагая более глубокие и детализированные игровые циклы.; Положительно оценены интеграция элементов рогалика, разнообразие билдов и наличие большого объема контента.; Критики хвалят переход на 3D-графику и визуальную составляющую игры.; Игровые механики, включая боевую систему, систему инвентаря и управление магазином, получили положительные отзывы за вовлеченность и продуманность.; Игра характеризуется как технически отполированная и стабильная.","Один из критиков отмечает отсутствие значительных инноваций в управлении магазином.; Критики указывают на наличие проблем с темпом игры: она может быстро надоесть из-за повторения локаций, а также на заметную рутину и долгие загрузки.; Один из критиков пишет, что игра уступила место совершенству в других аспектах в ущерб наличию финала.; Один из критиков отмечает, что в версии 1.0 не добавилось много нового контента по сравнению с ранним доступом.","Отзывы критиков в основном положительные, однако в них часто упоминаются как значительные улучшения по сравнению с первой частью, так и некоторые недостатки, связанные с повторением контента и техническими моментами.",8 из 9,игроки высоко оценивают баланс между исследованием подземелий и управлением магазином в рамках формулы roguelite; в отзывах игра характеризуется как одна из лучших инди-игр текущего года,,"В выборке представлен крайне положительный отзыв, в котором игроки хвалят игру за удачное сочетание механик и высокое качество исполнения.",1 из 11,gemma-4-12b-it-qat,готов,https://www.youtube.com/watch?v=ZNa3Zqc-3uc,Vinesauce: The Full Sauce,32678,86.7,en,Whisper,"В данном ролике Vinny делится впечатлениями от прохождения Moonlighter 2: The Endless Vault, оценивая прогресс серии и глубину игровых механик. Блогер анализирует развитие боевой системы, управление магазином и систему прогрессии, сравнивая проект с такими тайтлами, как Zelda: Tears of the Kingdom и Slime Rancher.","Общее впечатление блогера от игры положительное: он считает Moonlighter 2: The Endless Vault качественным и отполированным проектом с отличной боевой составляющей. Несмотря на некоторые сложности и высокую стоимость прокачки, автор отмечает, что игра может затянуть игрока надолго.",Улучшенная и более проработанная боевая система; игра кажется довольно крутой; в игре много улучшений и дополнений; боевая система в этой части определенно лучше; Наличие уникальных игровых механик и эффектов,некоторые дополнения вызвали неоднозначную реакцию у игроков; некоторые испытания в игре оказались довольно сложными; высокая стоимость некоторых улучшений; Неоправданно низкие цены на некоторые товары; Медленный темп введения новых функций,,https://www.metacritic.com/game/moonlighter-2-the-endless-vault/,https://video.akamai.steamstatic.com/store_trailers/2350790/1318782718/53fe79134a5e519aa3f8e87c0654aae83c2ec4a5/1787753870/hls_264_master.m3u8?t=1788353852,https://www.metacritic.com/a/img/catalog/provider/7/2/7-1788147585.jpg,2026-09-16 10:00
marsupilami-2-salsa-palombia,Marsupilami 2 - Salsa Palombia,2026-09-03,,2D Platformer,Ocellus Studio,Microids,PC,79,6,8.3,4,"Критики хвалят отзывчивое и динамичное управление персонажами, а также разнообразие механик перемещения; В отзывах отмечают яркий визуальный стиль и качественную техническую реализацию; Критики положительно оценивают наличие дополнительных режимов и высокую доступность игры для новичков; Игрокам нравится наличие уникальных способностей у трех главных героев и поощрение исследования уровней; Критики отмечают, что игра хорошо подходит для семейного прохождения и игры на портативных устройствах","В отзывах встречаются нарекания на неудобную смену персонажей и излишне затянутые уровни; Критики отмечают отсутствие полноценного сюжета; В отзывах упоминается, что игра не предлагает принципиально новых механик","Критики в целом положительно оценивают игру как качественный и динамичный платформер с яркой графикой, который хорошо подходит для семейного досуга. В отзывах преобладают позитивные оценки, хотя отмечаются некоторые недостатки в дизайне уровней и отсутствии глубокого сюжета.",6 из 6,,,,,gemma-4-12b-it-qat,не найден,,,,,,,,,,,6OBBSX8lG5w: whisper: no speech recognized in 6OBBSX8lG5w.webm; captions: нет субтитров; SD_6WKxUFi8: whisper: no speech recognized in SD_6WKxUFi8.webm; captions: нет субтитров; xe9Kb3A_jB4: мало речи блогера (1 символов в минуту),https://www.metacritic.com/game/marsupilami-2-salsa-palombia/,https://video.akamai.steamstatic.com/store_trailers/3650170/427261834/779eff553dd7ded279f003b5129e1c062ec59121/1787579057/hls_264_master.m3u8?t=1788447711,https://www.metacritic.com/a/img/catalog/provider/7/2/7-1788547757.jpg,2026-09-16 10:00
aniimo,Aniimo,2026-09-16,,Trainer RPG,Pawprint Studio,Pawprint Studio,PC,78,6,,0,"Критики хвалят визуальную составляющую игры, отмечая красоту открытого мира и дизайна существ; В отзывах отмечают увлекательную систему сбора и взаимодействия с существами, которая позволяет глубоко погружаться в процесс; Критики выделяют расслабляющий геймплей, подходящий для спокойного исследования и коллекционирования","Часть критиков указывает на избыточность контента и наличие систем, которые не дотягивают до высокого уровня исполнения; В отзывах встречаются нарекания на неудобный интерфейс и проблемы с управлением; Критики отмечают, что структура игры может напоминать школьную систему, а отсутствие значимых целей и элементы живой службы ограничивают потенциал проекта; Отмечается, что игре может не хватать глубины для тех, кто ищет сложные сражения","Критики оценивают Aniimo как приятную и визуально привлекательную игру для спокойного исследования и коллекционирования, однако отмечают проблемы с интерфейсом, избыточность некоторых механик и ограничения, связанные с моделью живой службы.",6 из 6,,,,,gemma-4-12b-it-qat,готов,https://www.youtube.com/watch?v=00I2O7Wrrbs,Dattrax Gaming,1239939,46.5,hi,Whisper,"Блогер делится впечатлениями от игры Aniimo, которую он тестирует в режиме бета-доступа. Он выражает восторг от визуальной составляющей игры, графики и разнообразия существ, сравнивая их с Pokemon. Блогер отмечает наличие системы прокачки, обучения и взаимодействия с персонажами, а также отмечает масштаб карты. Несмотря на некоторые технические огрехи и сложности в управлении, он в целом очень доволен игрой и рекомендует её к ознакомлению.","Блогер крайне впечатлен Aniimo, называя её «безумно красивой» игрой с отличной графикой. Ему очень понравились существа, напоминающие Pokemon, и возможность исследовать огромный мир. Несмотря на небольшие трудности с управлением, он получил массу удовольствия от процесса и с нетерпением ждет продолжения приключений.",Высокое качество графики и визуального стиля; Приятная внешность и детализация существ; Красивый и детализированный мир; Разнообразие видов животных; Интересные механики взаимодействия и способностей,Сложности с управлением и случайные действия персонажа; Некоторые механики могут казаться затянутыми или повторяющимися,,https://www.metacritic.com/game/aniimo/,https://video.akamai.steamstatic.com/store_trailers/4126040/1923313674/6079424435b1213ff28f354ab87110be8c651cb0/1787702689/hls_264_master.m3u8?t=1787709929,https://www.metacritic.com/a/img/catalog/provider/7/2/7-1789446769.jpg,2026-09-16 10:00
marvels-wolverine,Marvel's Wolverine,2026-09-15,M,Open-World Action,Insomniac Games,Sony Interactive Entertainment,PlayStation 5,77,123,,0,"Критики отмечают сильную и эмоциональную историю, которая раскрывает травмы Логана и подчеркивает его человечность; Боевая система характеризуется как динамичная, жестокая и визуально впечатляющая; Игра получила высокую оценку за качественную актерскую игру и проработку персонажей; Критики хвалят визуальное исполнение и общую подачу игры","Многие критики жалуют на излишнюю линейность игры и однообразные игровые механики; Некоторые авторы указывают на недостаток глубины, нюансов и творческих стандартов студии Insomniac; В отзывах упоминаются технические проблемы, такие как баги прогрессии; Критики критикуют чрезмерную опеку игрока и отсутствие контента после прохождения; Один из критиков считает, что боевая система слишком примитивна и сводится к спаму одной кнопки","Отзывы критиков разделились: одни хвалят игру за сильный сюжет, качественную актерскую игру и драйвовые бои, другие же ругают её за линейность, однообразие и недостаточную глубину по сравнению с предыдущими проектами студии.",20 из 120,,,,,gemma-4-12b-it-qat,готов,https://www.youtube.com/watch?v=EVdp0NNVUoU,theRadBrad,1818883,107.2,en,Whisper,"В данном ролике блогер знакомится с игрой Marvel's Wolverine, оценивая её боевую систему, сюжетную подачу и общую атмосферу. Автор демонстрирует игровой процесс, уделяя внимание динамике сражений, механике регенерации и системе прогрессии персонажа.","Блогер крайне доволен игрой, называя вступление одним из лучших в индустрии и отмечая, что проект полностью соответствует его высоким ожиданиям. Несмотря на некоторую линейность в начале и нюансы в прокачке на отдельных этапах, общее впечатление от игры остается очень позитивным.","Боевая система с когтями ощущается очень динамичной, быстрой и плавной, полностью соответствуя образу Вулверлина; Удобная механика постепенного восстановления здоровья во время сражения; Хорошая система прокачки способностей и улучшений; Впечатляющее и сильное вступление к игре; Наличие уникальной истории, созданной специально для этой игры","Игрок может столкнуться с ситуацией, когда на текущем уровне невозможно улучшить доступные способности; Линейность геймплея на начальном этапе",,https://www.metacritic.com/game/marvels-wolverine/,https://cdn.jwplayer.com/players/eJfUCVgG.html,https://www.metacritic.com/a/img/catalog/provider/7/2/7-1780161558.jpg,2026-09-16 10:00
nba-2k27,NBA 2K27,2026-09-04,E,Basketball Sim,Visual Concepts,2K Games; Take-Two Interactive,PlayStation 5,77,28,4.6,28,"Критики отмечают, что NBA 2K27 остается лучшим баскетбольным симулятором на рынке, предлагая отличный игровой процесс на площадке.; В игре значительно улучшена система защиты, ставшая более тактической и глубокой.; Игровой процесс характеризуется точной стрельбой, умным движением игроков и качественной симуляцией.; Критики хвалят режим MyNBA за точность и глубину, а также отмечают наличие большого объема контента.; В игре присутствуют новые элементы и улучшения, такие как система Running Mates и режим Fire & Concrete.","Основной проблемой игры являются навязчивые микротранзакции и агрессивная система монетизации.; Критики жалуют на необходимость долгого и однообразного гринда для прогрессии в карьерных режимах.; Некоторые игровые режимы и элементы дополнения критикуются за странные решения, недостаточный темп повествования или отсутствие значительных перемен.","Отзывы критиков носят преимущественно положительный характер, подчеркивая высокое качество баскетбольной симуляции и улучшенную защиту, однако оценки снижаются из-за навязчивой монетизации и рутинного гринда.",18 из 28,,"Один игрок считает игру полной тратой денег.; Один игрок отмечает, что механика бросков стала непоследовательной.; Один игрок пишет, что в игре наблюдается большая задержка при онлайн-игре.; Один игрок пишет, что игра не приносит удовольствия.","В выборке представлено всего два отзыва, оба из которых имеют крайне отрицательный характер.",2 из 27,gemma-4-12b-it-qat,готов,https://www.youtube.com/watch?v=dXuKpNcwEhY,NotYourAverageFlight,707459,106.4,en,Whisper,"В ролике Flights делится своими первыми впечатлениями от NBA 2K27, уделяя особое внимание режиму Park. Блогер активно взаимодействует с сообществом, обсуждает систему прогрессии и делится советами по управлению персонажем в ходе своего первого игрового дня.","Общее впечатление блогера остается преимущественно негативным: несмотря на удобство механик ротации и наличие системы достижений, автор называет игру «неудачным продуктом» из-за отсутствия инноваций и технических проблем. По ходу ролика мнение остается смешанным — блогер продолжает играть и использовать игровые механики, но постоянно выражает недовольство качеством защиты и физикой взаимодействия.",хорошие линии для движения; хорошие показатели по перехватам для первого дня; Плавность и понятность механики ротации игроков; Наличие системы получения очков за достижения (badges),неудобные настройки управления (вибрация/триггеры); Неудовлетворительное качество защиты в игре; Общее разочарование качеством игры; отсутствие отличий от предыдущей части; несовершенная физика взаимодействия игроков (липкость),,https://www.metacritic.com/game/nba-2k27/,https://video.akamai.steamstatic.com/store_trailers/4356430/507063154/0aec1f3df7ee681b978ba45dff5d8fc731250f14/1787853952/hls_264_master.m3u8?t=1787855106,https://www.metacritic.com/a/img/catalog/provider/7/2/7-1787423840.jpg,2026-09-16 10:00
hot-wheels-infinite-rush,Hot Wheels Infinite Rush,2026-09-10,E,Arcade Racing,Milestone S.r.l,Milestone S.r.l,PlayStation 5,75,30,7.8,11,"Критики отмечают, что игра успешно передает атмосферу игрушечных машинок и сохраняет суть франшизы в формате открытого мира.; Игрокам нравится увлекательная аркадная формула управления, позволяющая дрифтовать и совершать трюки.; Критики высоко оценили визуальное исполнение, детальную проработку моделей автомобилей и яркие открытые локации.; В игре есть большой выбор коллекционных автомобилей и разнообразных активностей для исследования.; Критики хвалят инструменты для творчества, такие как конструктор трасс, и наличие мультиплеерных режимов.","Критики указывают на повторяющиеся активности и однообразную структуру кампании, которая быстро надоедает.; Один из критиков отмечает, что переход к открытому миру не принес игре значимой ценности.; Критики жалуются на отсутствие системы быстрого перемещения и наличие экранов загрузки, прерывающих погружение.; Критики считают, что прогрессия в игре недостаточно вознаграждает игрока, а некоторые гонки могут казаться слишком жесткими.; Один из критиков пишет, что игра может показаться упрощенной и ориентированной на более молодую аудиторию.","Отзывы критиков имеют смешанный характер, при этом большинство рецензий оценивают игру положительно.",20 из 28,"Один из игроков считает, что игра очень веселая и обязательна к прохождению для всех фанатов серии.; Игроки отмечают наличие хорошо проработанного открытого мира с множеством побочных квестов.; Один из игроков пишет, что игра отлично подходит как для аркадного режима, так и для мультиплеера.; Один из игроков отмечает, что в игре присутствует ностальгия по детским воспоминаниям.",,"В выборке представлено мало отзывов, и они имеют разную оценку.",2 из 11,gemma-4-12b-it-qat,готов,https://www.youtube.com/watch?v=eiLh27q8zPs,polman,123949,34.2,es,Whisper,"Блогер делится первыми впечатлениями от Hot Wheels Infinite Rush, отмечая переход игры к формату открытого мира. Он хвалит визуальный стиль, разнообразие островов и концепцию свободного исследования, однако критикует повторное использование одних и тех же трасс для разных режимов. Блогер отмечает, что управление довольно простое, а прогрессия и коллекционирование предметов затягивают, хотя некоторые механики (например, отсутствие возможности толкать соперников в определенных режимах) могут вызвать вопросы.","Hot Wheels Infinite Rush оставляет приятное первое впечатление благодаря качественному дизайну и увлекательному формату открытого мира. Блогеру понравилась динамика гонок и возможность исследовать разные биомы, однако он советует разработчикам избегать повторного использования одних и тех же трасс для разных режимов, чтобы не снижать интерес к прохождению.",Приятный визуальный стиль и дизайн мира; Интересная концепция открытого мира и разнообразие островов; Простое управление автомобилями; Интересные визуальные эффекты воды,Повторное использование одних и тех же трасс для разных испытаний; Недостаточная интерактивность при переходе между островами; Ограниченная возможность взаимодействия с соперниками в некоторых режимах,,https://www.metacritic.com/game/hot-wheels-infinite-rush/,https://video.akamai.steamstatic.com/store_trailers/2821390/1960838788/77a4935dbb4d4d45f1f741befa758e11fc40ecdc/1788515404/hls_264_master.m3u8?t=1789052573,https://www.metacritic.com/a/img/catalog/provider/7/2/7-1781631032.jpg,2026-09-16 10:00
sprawl-zero,SPRAWL zero,2026-09-08,,FPS,MAETH,Kwalee Ltd,PC,75,8,8.1,9,"Один из критиков отмечает, что игра предлагает увлекательный и доступный опыт для любителей одиночных шутеров.; Критики хвалят динамичный геймплей, основанный на постоянной смене оружия, использовании способностей и взаимодействии с окружением.; Некоторые критики отмечают, что игра успешно передает атмосферу и механику шутеров начала 2000-х годов.; Один из критиков отмечает наличие отличной стрельбы и крутых способностей.; Критики выделяют драйвовую музыку.","Один из критиков отмечает, что навигация в игре может быть туманной.; Критики указывают на наличие противников, которые слишком долго держат бой или прерывают темп сражения.; Один из критиков пишет, что некоторые странные дизайнерские решения портят впечатление от игры.; Критики критикуют сюжет и дизайн уровней.; Один из критиков отмечает, что некоторые уровни длятся дольше, чем следовало бы.","Отзывы критиков разделились: одни хвалят игру за отличную стрельбу и ностальгическую атмосферу шутеров 2000-х, другие указывают на проблемы с дизайном уровней, сюжетом и темпом боя из-за некоторых противников.",8 из 8,"Один из игроков считает игру своим любимым шутером года.; Игроки хвалят разнообразие оружия, которое можно забирать у поверженных врагов.; Разнообразные типы противников с уникальными стратегиями и характеристиками делают столкновения свежими.; Игроки отмечают удачную реализацию игрового цикла, который приносит удовольствие.; Бои описываются как разнообразные, дающие чувство силы и сложные в нужные моменты.","Один из игроков отмечает, что уровни могут быть слишком длинными или требовать много возвращений назад.","В выборке представлено всего два отзыва, оба из которых имеют положительную оценку.",2 из 9,gemma-4-12b-it-qat,готов,https://www.youtube.com/watch?v=593UJzrXTlA,GmanLives,238557,24.5,en,Whisper,"В ролике блогер проходит SPRAWL zero, оценивая её как динамичный и драйвовый шутер. Автор анализирует геймплейные механики, систему способностей и визуальный стиль игры, сравнивая их с классическими проектами начала 2000-х.","Общее впечатление блогера крайне положительное: игра признана одним из лучших опытов стрельбы в последнее время благодаря отличной динамике и атмосфере. Однако автор отмечает, что драйв порой омрачается техническими проблемами, однообразными задачами и неудачной реализацией финального босса.",Игра ощущается как качественный шутер начала 2000-х с упором на физику; Один из лучших опытов стрельбы в последнее время; Визуальный стиль отлично передает атмосферу консольных игр того периода; В игре отличный саундтрек в стиле drum and bass; Разработчики успешно копируют подход к дизайну уровней из старых игр,Способность Rushdown быстро расходует энергию и кажется менее полезной; Многие элементы уровней ощущаются как намеренная «набивка» для увеличения длительности игры; Повторяющиеся задачи и необходимость возвращаться в исходную точку несколько раз; Финальный босс реализован очень плохо из-за отсутствия чекпоинта перед битвой и повторения одной и той же фазы трижды; Наличие раздражающих технических проблем в основе игры,,https://www.metacritic.com/game/sprawl-zero/,https://video.akamai.steamstatic.com/store_trailers/3748520/691510250/2683a531f7df5782fcc3b9a808fcbf97ee4ccce6/1788449074/hls_264_master.m3u8?t=1788879174,https://www.metacritic.com/a/img/catalog/provider/7/2/7-1788751710.jpg,2026-09-16 10:00
captain-tsubasa-2-world-fighters,Captain Tsubasa 2: World Fighters,2026-08-28,E,Soccer,Tamsoft,Bandai Namco Games,PlayStation 5,74,34,6.3,32,"Критики отмечают значительные улучшения в игровом процессе, включая более динамичные матчи, отточенные механики специальных приемов и контроль действий вратаря; Игра отлично передает дух аниме благодаря яркой визуализации, атмосферности и специфическим особенностям футбола в серии; Критики хвалят глубокую проработку лора серии и наличие большого объема контента для кастомизации игроков; Многим понравился сюжетный режим, который содержит много фанатского сервиса и интересных моментов; Игра позиционируется как отличный вариант для фанатов серии, предлагающий более тактический опыт","Критики жалуются на недостаток игровых режимов и низкую реиграбельность; Некоторые критики считают, что игра слишком сильно фокусируется на сюжете в ущерб основному футбольному геймплею; Игровой процесс критикуют за повторяемость, недостаточную глубину прогрессии и наличие частых загрузочных экранов; Критики указывают на технические проблемы, включая слабый искусственный интеллект и низкую сложность; Один из критиков отмечает, что игра не смогла решить многие проблемы своей предшественницы","Отзывы критиков разделились: одни хвалят игру за улучшенный геймплей и верность духу аниме, другие критикуют её за избыточный упор на сюжет, технические огрехи и ограниченное количество режимов.",20 из 34,"Игрокам нравится визуальный стиль игры, который передает атмосферу аниме, и качественная анимация специальных приемов; Положительно оценивается звуковое сопровождение; Многим игрокам нравится сюжет, который считается длинным и хорошо передающим дух оригинала; Игроки отмечают наличие большого количества команд и персонажей; Один из игроков отмечает, что новая система защиты превращает удары в напряжные психологические дуэли","Игроки жалуются на сложность освоения управления и специфику механик, которые сильно отличаются от предыдущей части; Один из игроков пишет, что игра кажется медлительной и неуклюжей; Игроки критикуют техническое состояние игры, включая плохую оптимизацию и большое количество загрузок в режиме истории; Некоторые игроки недовольны сокращением количества игровых режимов и отсутствием возможности кастомизации клубов по сравнению с предыдущей игрой; Один игрок отмечает, что сюжетная линия кажется бессмысленной и сводится к простому чтению текста","Отзывы игроков разделились: одни хвалят игру за атмосферу аниме, качественную графику и длинный сюжет, другие критикуют неудобное управление, технические проблемы и сокращение контента по сравнению с предыдущей частью.",16 из 32,gemma-4-12b-it-qat,готов,https://www.youtube.com/watch?v=DXXYdfIJ0b4,oessaM and ilMasseo,153154,46.3,it,Whisper,"В ролике блогер делится впечатлениями от игры Captain Tsubasa 2: World Fighters, называя её одним из лучших футбольных симуляторов в истории. Он подробно разбирает процесс создания и кастомизации персонажа, систему способностей, тренировки и динамику матчей. Автор эмоционально реагирует на игровой процесс, оценивая механику суперударов и особенности управления атакой и защитой.","Общее впечатление блогера крайне позитивное: несмотря на жалобы на сложность управления, медленный темп и посредственное обучение, он получает удовольствие от игры и считает её легендарной.",считает игру одним из лучших футбольных симуляторов в истории; отмечает эмоциональную атмосферу игры; Эффективность выполнения супер-удара; высоко оценивает возможность глубокой кастомизации персонажа; хвалит систему суперударов и способностей,жалуется на сложность понимания управления и механик; недоволен качеством обучения; Медленная динамика игры; Сложность выполнения определенных приемов; Неудовлетворительный результат из-за ошибки в управлении,,https://www.metacritic.com/game/captain-tsubasa-2-world-fighters/,,https://www.metacritic.com/a/img/catalog/provider/7/2/7-1787758352.jpg,2026-09-15 12:43
another-eden-begins,Another Eden Begins,2026-09-16,,JRPG,Wright Flyer Studios,Wright Flyer Studios,PC,73,14,,0,Критики отмечают наличие увлекательного сюжета и интересных персонажей; В отзывах хвалят приятную боевую систему с интересными механиками; Критики положительно оценивают отсутствие механик монетизации и наличие режима New Game+; В отзывах встречаются положительные упоминания о визуальном стиле и качестве озвучки; Критики отмечают удачную адаптацию игры для консолей и контроллеров,"Критики указывают на сохранение черт мобильной версии и ограниченный объем исследования; В отзывах встречаются нарекания на неровный темп повествования, проблемы с структурой сюжета и проработку персонажей; Часть критиков жалуется на недостатки боевой системы, нехватку вызова и проблемы с картой; Критики отмечают проблемы с техническим состоянием, включая визуальные артефакты и несоответствия в озвучке; В отзывах встречаются жалобы на затянутые побочные квесты и медленное вступление","Критики оценивают игру как достойную адаптацию мобильной JRPG, отмечая удачное удаление монетизации и наличие режима New Game+. В отзывах преобладают положительные мнения о боевой системе и персонажах, однако критики также указывают на сохранение мобильных черт, проблемы с темпом повествования и технические недостатки.",14 из 14,,,,,gemma-4-12b-it-qat,готов,https://www.youtube.com/watch?v=SzaJHMm_OFA,Lein Xceed,47828,73.0,id,Whisper,"Блогер делится своими первыми впечатлениями от Another Eden Begins, отмечая переход игры из мобильного формата в премиум-сегмент на ПК. Он отмечает улучшенную графику по сравнению с оригинальной мобильной версией, но выражает сомнения по поводу высокой стоимости игры. В ходе прохождения он оценивает боевую систему, систему прокачки способностей и визуальные эффекты анимаций, а также отмечает наличие системы кодекса для сбора информации.","Блогер отмечает, что Another Eden Begins выглядит значительно лучше мобильной версии за счет более плавной графики и качественного освещения. Ему понравились анимации способностей и система кодекса, однако он считает игру дорогой для своего формата. Несмотря на некоторые технические нюансы, такие как статичные аватары или проблемы с видимостью карты в определенных зонах, игра производит приятное первое впечатление.",Более плавная графика по сравнению с мобильной версией; Хорошее освещение в игре; Красивые визуальные эффекты анимаций; Удобная система кодекса для сбора информации,Высокая цена игры и наличие платных дополнений; Статичные аватары в интерфейсе; Непросто ориентироваться на карте в подземельях,,https://www.metacritic.com/game/another-eden-begins/,https://video.akamai.steamstatic.com/store_trailers/4163960/1777773706/ef62a714e92c89c91061d54b7c3d4f829f94a912/1770626785/hls_264_master.m3u8?t=1770686730,https://www.metacritic.com/a/img/catalog/provider/7/2/7-1789365702.jpg,2026-09-16 10:00
crimson-moon,Crimson Moon,2026-09-01,,Action Adventure,ProbablyMonsters,ProbablyMonsters,PC,72,9,6.7,32,"Критики отмечают приятную боевую систему, которая поддерживает как одиночную, так и кооперативную игру.; Игра получила положительные отзывы за визуальную составляющую.; Один из критиков считает, что игра является отличным входом в жанр рогаликов благодаря понятным механикам прогрессии.; Критики хвалят систему прогрессии и наличие гибких настроек сложности.; Один из критиков отмечает, что игра предлагает интересное лор-описание.","Критики указывают на проблемы с камерой, которые могут мешать геймплею.; Некоторые критики недовольны ограниченным разнообразием оружия.; Один из критиков отмечает, что боевая система лишена необходимой динамики, из-за чего прохождение может казаться затяжным.; Критики выделяют технические проблемы, включая вылеты на ПК и отсутствие опций доступности.; Один из критиков называет сюжет игры запутанным.","Отзывы критиков носят преимущественно положительный характер, однако в них часто упоминаются технические огрехи и недостатки в разнообразии контента.",9 из 9,"Один из игроков отмечает, что ему понравилась концепция игры, сочетающая формулу soulslike с элементами roguelike; Один из игроков считает, что прогрессия в игре ощущается заслуженной, а боевая система разнообразна; Один из игроков считает, что игра отличная за свою цену; Один из игроков пишет, что игра обладает сильным сюжетом с самого начала; Один из игроков считает, что боевая система позволяет играть всем, не будучи профессионалом в soulslike","Один из игроков отмечает, что в игре не хватает функций доступности; Один из игроков не одобрил обязательное требование делиться данными для начала игры; Один из игроков считает, что игра очень однообразная, с неуклюжим управлением, медленным откликом и плохим дизайном уровней; Один из игроков отмечает наличие багов и необходимость работы над камерой; Один из игроков считает, что игра находится в незавершенном и непроработанном состоянии","Отзывы игроков разделились: одни хвалят концепцию, сюжет и доступную боевую систему, другие критикуют техническое состояние, однообразность и неудобное управление.",5 из 31,gemma-4-12b-it-qat,готов,https://www.youtube.com/watch?v=1nf3xYA6TMo,Asmongold TV  ,770622,72.8,en,Whisper,"В ролике блогер делится своими впечатлениями от игры Crimson Moon, сравнивая её с такими проектами, как Diablo, Code Vein и Dark Souls. Он анализирует визуальную составляющую, боевые механики и систему способностей, а также оценивает сложность управления и динамику сражений.","Несмотря на технические огрехи в анимациях, проблемы с балансом прыжка и отсутствие возможности переназначить клавиши, блогер считает Crimson Moon многообещающей игрой с интересными механиками и хорошим визуалом.",Хорошая визуальная составляющая; Полезные способности оружия; система способностей и эффектов; хорошее оружие; Интересная и продуманная сцена загрузки,плохие анимации персонажа; неудачные награды за прохождение; Отсутствие возможности переназначить клавиши управления; Неэффективность прыжка из-за высокого расхода выносливости; Слабый урон от некоторых видов оружия,,https://www.metacritic.com/game/crimson-moon/,https://video.akamai.steamstatic.com/store_trailers/4317690/314931554/9c54ba4d2f7c190fd7fa6ceeeff65d82b6233475/1787768540/hls_264_master.m3u8?t=1788281430,https://www.metacritic.com/a/img/catalog/provider/7/2/7-1788279891.jpg,2026-09-16 10:00
halloween-the-game,Halloween: The Game,2026-09-08,M,Survival,IllFonic,IllFonic; Nighthawk Interactive,PlayStation 5,68,12,7.6,21,"Игра успешно передает атмосферу классического фильма 1978 года; Асимметричный мультиплеер интересен благодаря способностям, командной работе и стратегии; Игра создает собственную идентичность в жанре асимметричного хоррора; Наличие короткой, но приятной одиночной кампании является преимуществом; Один из критиков отмечает, что игра дает возможность ощутить обе стороны массового убийства","Игра страдает от технических проблем, включая баги, глитчи и нестабильность; Процесс обучения игроков (onboarding) реализован плохо; Игровой процесс может казаться медленным, устаревшим и однообразным; Один из критиков пишет, что чрезмерное внимание к взаимодействию с NPC мешает динамике игры с другими игроками; Графика в игре имеет свои ограничения","Отзывы критиков разделились: одни хвалят игру за атмосферу и уникальность в жанре, другие жалуются на техническое состояние и медленный темп.",11 из 12,игроки хвалят возможность совместной игры с друзьями; в отзывах встречается положительная оценка атмосферы и идеи игры; игроки отмечают наличие хорошего сюжетного режима,игроки жалуются на плохую оптимизацию и наличие множества багов; критики отмечают проблемы с балансом способностей персонажей; в отзывах встречаются нарекания на монотонность и скучный сюжетный режим; игроки критикуют неудобное управление и поведение ИИ; в отзывах встречаются жалобы на низкое качество графики,"Игроки разделились в оценках: одни хвалят игру за возможность веселого совместного прохождения с друзьями и общую концепцию, другие же критикуют проект за плохую оптимизацию, наличие багов, проблемы с балансом и монотонность геймплея.",6 из 21,gemma-4-12b-it-qat,готов,https://www.youtube.com/watch?v=Bc1hwOcs0JU,SpookyLoopz,1887190,26.5,en,Whisper,"Блогер делится впечатлениями от игры Halloween: The Game, сравнивая её геймплей с Friday the 13th и Texas Chainsaw Massacre. Он отмечает наличие режима для одного игрока, который служит туториалом для Майкла Майерса, и описывает основные механики: противостояние четырех жителей против одного убийцы, систему способностей, систему прокачки через кладбище и возможность создания кастомных колод перков. Блогер отмечает наличие технических проблем и «кривизны» игры, но в целом находит процесс интересным.","Блогер считает игру неплохой и интересной, отметив, что она может быть хорошим выбором для тех, кому нравится Friday the 13th. Несмотря на наличие технических недоработок и проблем с балансом лута, он остался доволен своим результатом и общим впечатлением от процесса.",атмосфера и геймплей напоминают Friday the 13th; интересная механика способности Shape Jump; крутая система различных казней при достижении определенного уровня; интересная механика возрождения в виде других персонажей,высокий уровень лута для жителей; некоторым механикам и персонажам не хватает отполированности; длительное время выполнения некоторых казней; сложность отслеживания противника из-за необходимости постоянно использовать режим скрытности; отсутствие возможности просто наблюдать за игрой после смерти,,https://www.metacritic.com/game/halloween-the-game/,https://cdn.jwplayer.com/players/FGCp8Kop.html,https://www.metacritic.com/a/img/catalog/provider/7/2/7-1776805765.jpg,2026-09-16 10:00
nhl-27,NHL 27,2026-09-11,E10+,Hockey Sim,EA Vancouver,Electronic Arts,PlayStation 5,68,13,3.1,17,"Критики отмечают улучшение системы физики, корректировки ИИ и аутентичность подачи игры; Игра предлагает более динамичный геймплей, глубокие игровые режимы и аутентичную атмосферу NHL; Критики хвалят визуальное оформление периферийных элементов и общую презентацию; Один из критиков пишет, что игра дает приятный опыт от хоккея, когда атаки проходят идеально; В режиме Hockey Ultimate Team (HUT) появились новые элементы — коучи и тактические планы","Многие критики считают, что игра не предлагает революционных изменений и ощущается скорее как обновление предыдущей части; Один из критиков отмечает наличие неточных сканов лиц и устаревших механик розыгрыша вбрасышей; Критики жалуются на навязчивый режим Hockey Ultimate Team (HUT) с избытком информации; Один из критиков пишет, что игра стоит слишком дорого для продукта с такими минимальными улучшениями; Критики указывают на отсутствие новых игровых режимов и серьезных изменений для постоянных игроков","Отзывы критиков разделились: одни хвалят улучшенную графику и физику, другие считают игру поверхностным обновлением с недостатком инноваций.",12 из 12,"игроки отмечают, что игра приносит много удовольствия",в отзывах встречаются нарекания на низкое качество искусственного интеллекта; критики указывают на проблемы с техническим состоянием и стабильностью игры; игроки жалуются на некорректную работу управления; в отзывах встречаются жалобы на проблемы с комментариями; игроки критикуют отсутствие командного духа и однообразные механики,"Большинство игроков в выборке выражают крайне негативное отношение к игре, критикуя её за технические проблемы, плохой искусственный интеллект и отсутствие новизны по сравнению с прошлыми частями. Несмотря на наличие позитивных отзывов, преобладают жалобы на низкое качество продукта и его высокую стоимость.",6 из 17,gemma-4-12b-it-qat,готов,https://www.youtube.com/watch?v=Ew-O0rvTv1I,Nasher,288969,20.0,en,Whisper,"Блогер делится своими первыми впечатлениями от NHL 27, отмечая, что изменения в геймплее кажутся незначительными и могли бы быть реализованы в виде патча для предыдущей части. Он хвалит улучшенные механики перехвата шайбы, новые углы камеры и систему проверки шайбы (poke checks), однако критикует систему выносливости игроков и возвращение штрафов от ИИ. В целом, блогер считает, что игра движется в правильном направлении, но для ежегодного цикла обновлений прогресса недостаточно.","Блогер считает, что NHL 27 — это шаг в правильном направлении с заметными улучшениями в некоторых механиках (перехваты, проверка шайбы), но общая динамика изменений слишком мала для новой части. Игра может понравиться любителям онлайн-режима из-за обновленной презентации, но для тех, кто ждет серьезных инноваций, прогресс может показаться недостаточным.",Улучшенные углы камеры при повторах; Улучшенная механика перехвата шайбы; Хорошая система проверки шайбы (poke checks); Улучшенная механика поднятия клюшки,Слишком быстрая потеря выносливости у игроков; Слабая и неудобная механика LT; Возвращение штрафов от ИИ; Недостаточный объем изменений для ежегодного обновления,,https://www.metacritic.com/game/nhl-27/,,https://www.metacritic.com/a/img/catalog/provider/7/2/7-1788247064.jpg,2026-09-16 10:00
wo-long-fallen-dynasty-complete-edition,Wo Long: Fallen Dynasty - Complete Edition,2026-09-03,M,Action RPG,Team Ninja,Koei Tecmo Games,Nintendo Switch 2,67,9,5.6,5,"Один из критиков отмечает, что игра является отличной альтернативой играм FromSoftware, предлагая свежие изменения в знакомых системах.; Один из критиков пишет, что игра предлагает уникальный стиль в жанре, который хорошо работает.; Один из критиков отмечает, что боевая система основана на парировании и может быть интересной на другом оборудовании.; Один из критиков отмечает, что в игре приятная боевая система и сочетание китайской истории с фольклором.; Один из критиков отмечает, что игра предлагает много вариантов развития собственного стиля в боевых действиях.","Несколько критиков жалуют на плохую оптимизацию порта для Nintendo Switch 2, включая падение частоты кадров и низкое качество графики.; Один из критиков отмечает, что графика выглядит ужасно в режиме производительности.; Один из критиков пишет, что технические проблемы в игре, где важен тайминг, трудно игнорировать.; Один из критиков отмечает, что система морали и флагов мешает ощущению прогресса, а избыток добычи становится утомительным.; Один из критиков отмечает, что игра не кажется такой завершенной, как некоторые другие проекты.","Отзывы критиков разделились: многие хвалят саму игру за уникальную боевую систему и интересные механики, однако большинство отмечает крайне низкое качество технической реализации порта на Nintendo Switch 2.",9 из 9,,,,,gemma-4-12b-it-qat,готов,https://www.youtube.com/watch?v=Hyehc61u8OU,TheGamesDenTV,133,100.0,en,Whisper,"Блогер делится своими впечатлениями от игры Wo Long: Fallen Dynasty - Complete Edition. Он отмечает наличие системы духа, механик парирования и уворотов, а также систему морали. Игроку нравится визуальный стиль экипировки и наличие большого количества предметов в Complete Edition. Однако автор выражает значительное недовольство сложностью игры, особенно в сражениях с боссами, и критикует систему навигации и отсутствие четких указателей в мире.","Wo Long: Fallen Dynasty - Complete Edition предлагает интересный геймплей с глубокими механиками боя и красивым визуалом, но игра может сильно отбить желание продолжать из-за запредельной сложности боссов и запутанной навигации.",удобная механика уворотов; приятный внешний вид экипировки; богатое содержимое версии Complete Edition; эффективность определенных предметов,чрезвычайная сложность босс-файтов; плохая система навигации и отсутствие указателей; неудобная система веса экипировки; неудачные решения в выборе оружия,,https://www.metacritic.com/game/wo-long-fallen-dynasty-complete-edition/,https://cdn.jwplayer.com/players/m7bm9LAW.html,https://www.metacritic.com/a/img/catalog/provider/6/12/6-1-1274889-17.jpg,2026-09-16 10:00
bus-simulator-27,Bus Simulator 27,2026-09-08,,Vehicle Sim,Simteract,astragon,PC,66,4,,2,"Один из критиков отмечает отличную визуальную составляющую игры; Один из критиков хвалит большой выбор и качественный дизайн автобусов; Один из критиков отмечает высокую степень реализма; Один из критиков пишет, что игра обладает большой картой и достаточным количеством контента; Один из критиков отмечает внимание к деталям в локации Felicia Bay","Один из критиков пишет, что игра может работать нестабильно на старых компьютерах и иметь ошибки; Один из критиков считает, что игра ощущается как проект в раннем доступе; Один из критиков отмечает необходимость улучшения искусственного интеллекта водителей; Один из критиков пишет о наличии множества проблем в различных игровых режимах","Отзывы критиков носят смешанный характер: одни хвалят визуальную составляющую и объем контента, другие указывают на техническую неготовность игры и наличие багов.",4 из 4,Один из игроков считает игру очень хорошей и отмечает крайне малое количество багов по сравнению с предыдущей частью.,,"В выборке представлен лишь один положительный отзыв, поэтому общая картина игры по отзывам неполная.",1 из 2,gemma-4-12b-it-qat,готов,https://www.youtube.com/watch?v=mTTURiczxP0,Vinesauce: The Full Sauce,71571,86.7,en,Whisper,"В этом видео Vinny знакомится с Bus Simulator 27, оценивая её как более проработанный проект в своем жанре по сравнению с предшественниками. Блогер тестирует возможности управления транспортной компанией, кастомизацию автобусов и создание собственных маршрутов, погружаясь в процесс вождения.","Общее впечатление блогера остается смешанным: игра признается достойным симулятором для ценителей процесса вождения, но вызывает разочарование из-за отсутствия взаимодействия с миром и технических огрехов. Если в начале автор выделял инновационные механики и детализацию, то к финалу акцентировал внимание на ограниченности свободы действий и раздражающей системе штрафов.","Инновационная и интересная камера; Возможность создавать собственные маршруты и управлять компанией; Детализация автобусов впечатляет; Игра кажется менее багованной, чем ожидалось; Управление автобусом выполнено на достойном уровне",Сложности и странности в управлении автобусом; Непонятные или странные игровые механики и баги; Ограниченность игровых возможностей и отсутствие свободы действий; Несоразмерно высокие штрафы за мелкие ошибки; Проблемы с кастомизацией транспорта,,https://www.metacritic.com/game/bus-simulator-27/,https://video.akamai.steamstatic.com/store_trailers/2397320/1119593600/6d82a5093b99445e093039077963380b1fba8265/1788866410/hls_264_master.m3u8?t=1788880086,https://www.metacritic.com/a/img/catalog/provider/7/2/7-1788986991.jpg,2026-09-16 10:00
the-alighieri-circle-dantes-bloodline,The Alighieri Circle: Dante's Bloodline,2026-09-10,,First-Person Adventure,ONE-O-ONE Games,Entalto Publishing,PC,66,4,,3,критики отмечают наличие красивого визуального ряда; в отзывах встречается мнение о впечатляющих головоломках; критики выделяют уникальное и качественное изображение ада; в отзывах встречается положительная оценка отношений между героями Габриэле и Делилой; критики хвалят успешное сочетание творческих моментов,критики жалуются на недостаточное количество испытаний; в отзывах встречаются нарекания на разочаровывающий сюжет; критики критикуют слабо проработанные головоломки; в отзывах встречаются жалобы на недостаточный объем контента; критики указывают на недостатки в проработке персонажей во второй половине игры,"Критики разделились в оценках игры: одни хвалят визуальный стиль, уникальную атмосферу и творческий подход к интерпретации произведений Данте, другие же сетуют на слабое повествование, посредственные головоломки и недостаточный объем контента.",4 из 4,,,,,gemma-4-12b-it-qat,готов,https://www.youtube.com/watch?v=SQXGJaxmYn0,QuelTaleAle Games,16747,31.3,it,Whisper,"Блогер делится первыми впечатлениями от демоверсии The Alighieri Circle: Dante's Bloodline, подчеркивая интерес к жанру и разработчикам. Он отмечает атмосферу игры, систему исследования и визуальные эффекты, хотя и упоминает о некоторой темноте в локациях. Блогер выражает ожидание полноценного релиза, отмечая интригующий сюжет и потенциал проекта.","Блогер оценивает демоверсию как интригующую и атмосферную игру с хорошим потенциалом. Ему нравится визуальный стиль и то, как реализовано исследование локаций без лишних препятствий в темноте. Несмотря на отсутствие карты и местами низкую видимость, он с интересом ждет полноценного релиза, особенно учитывая опыт разработчиков в подобных проектах.",атмосферная и мрачная обстановка; интригующий и интересный сюжет; понятная навигация и отсутствие внезапных засад в темноте; стильный визуальный ряд,недостаточная видимость некоторых объектов из-за темноты; отсутствие карты в игре,,https://www.metacritic.com/game/the-alighieri-circle-dantes-bloodline/,https://video.akamai.steamstatic.com/store_trailers/4262620/846733337/afbde2375ce1ca8ff093e4b1a744b735ace01576/1787125265/hls_264_master.m3u8?t=1787125986,https://www.metacritic.com/a/img/catalog/provider/6/12/6-1-1200862-52.jpg,2026-09-16 10:00
bioeden,BioEden,2026-09-03,,Management,Broken Arms Games,Focus Entertainment,PC,64,5,,1,"Один из критиков отмечает, что игра выглядит красиво и в ней есть что-то успокаивающее.; Один из критиков пишет, что игра предлагает приятный и доступный опыт управления, сосредоточенный на восстановлении экологии.; Один из критиков отмечает, что игра обладает расслабляющей атмосферой, прощающими механиками и размеренным темпом.; Один из критиков пишет, что игра является интересным и приятным экологическим поворотом в жанре 4X.; Один из критиков отмечает, что механики игры интересные и приносящие удовлетворение.","Один из критиков отмечает, что игра слишком легкая и часто оставляет игрока без дела.; Один из критиков пишет, что в игре мало того, что могло бы зацепить или заставить вернуться снова.; Один из критиков отмечает, что в игре повторяющаяся структура кампаний и малая вариативность гильдий.; Один из критиков пишет, что из-за непоследовательных систем, отсутствия сюжета и ограниченной реиграбельности игра не раскрывает свой потенциал.; Один из критиков отмечает, что игре не хватает глубины для обеспечения хорошей реиграбельности, а опытным игрокам в 4X она может показаться слишком простой.","Отзывы критиков носят смешанный характер: игроки хвалят расслабляющую атмосферу и визуальный стиль, но указывают на недостаток глубины, повторяющиеся элементы и низкую реиграбельность.",5 из 5,,,,,gemma-4-12b-it-qat,готов,https://www.youtube.com/watch?v=ncXL8TLx0sM,Aliensrock,278888,30.1,en,Whisper,"В ролике блогер знакомится с процессом восстановления токсичной планеты в игре BioEden, где ему предстоит балансировать между промышленным развитием и экологическим восстановлением. Автор исследует механики создания биомов, управления ресурсами и размножения различных видов животных. На протяжении прохождения он оценивает систему прогрессии, исследование новых территорий и визуальные изменения ландшафта.","Блогер остался доволен игрой, отметив увлекательный цикл восстановления экосистемы и интересные взаимодействия между видами животных. Несмотря на сложности с балансировкой ресурсов и строгие ограничения системы рисков, визуальный прогресс и механики исследования приносят большое удовольствие.",Процесс исследования и размножения животных реализован интересно; Механика восстановления природы дает положительный результат; Визуальный стиль некоторых животных нравится блогеру; Интересное взаимодействие между видами животных; Приятно наблюдать за размножением животных,Развитие требует значительных затрат ресурсов; Рост промышленного развития негативно влияет на экологию; Увеличение уровня кризиса приводит к удорожанию строительства; Сложность балансировки строительства из-за системы рисков; Неудобство поиска определенных ресурсов,,https://www.metacritic.com/game/bioeden/,https://video.akamai.steamstatic.com/store_trailers/3265840/38518839/1a276955ffc956feb609b3b5b488797087078005/1788427413/hls_264_master.m3u8?t=1788451303,https://www.metacritic.com/a/img/catalog/provider/7/2/7-1788547625.jpg,2026-09-16 10:00
serious-sam-shatterverse,Serious Sam: Shatterverse,2026-08-31,,FPS,Behaviour Interactive,Devolver Digital,PC,47,5,6.3,4,"Один из критиков отмечает, что игра становится увлекательной, когда удается расширить формулу рогалайта и билд персонажа обретает направление.; Один из критиков пишет, что прорубание толп инопланетян новыми и более крупными пушками вызывает восторг.; Один из критиков считает, что в игре присутствуют все составляющие приятного многопользовательского рогалайка.","Один из критиков отмечает, что игре требуется много терпения и готовность игнорировать несколько неинтересных элементов.; Один из критиков считает, что игра проигрывает из-за незначительных улучшений, плохого баланса в одиночном режиме, раздражающей системы оружия и сломанного подбора игроков.; Один из критиков считает, что игра ощущается как низкокачественный способ заработать денег на преданной нише без участия Croteam.; Один из критиков пишет, что большинство прохождений очень похожи из-за повторения локаций, испытаний и врагов.; Один из критиков отмечает, что игра содержит множество багов, которые создают необходимый хаос.","Один из критиков считает, что игра могла бы быть по-настоящему приятной, но на релизе она не приносит удовольствия из-за ужасной прогрессии, посреднего геймплея и большого количества ошибок. В отзывах преобладают негативные оценки.",5 из 5,,"Один игрок пишет, что визуальный дизайн игры напоминает мобильную игру.; Игроку не понравился диалог в стиле «кринжовых миллениалов».; Игрок считает геймплей худшей частью игры, называя его неуклюжим и бездушным.; Один игрок отмечает отсутствие эффекта от оружия и странный аудиодизайн.; Игроку не понравилось добавление механики гринда в игру Serious Sam.","В выборке представлен только один отрицательный отзыв, поэтому общая картина игры по нему выглядит крайне негативно.",1 из 4,gemma-4-12b-it-qat,готов,https://www.youtube.com/watch?v=lzXM2aOxBr0,GmanLives,389585,24.8,en,Whisper,"В ролике блогер делится своим опытом прохождения Serious Sam: Shatterverse, анализируя основные механики и визуальный стиль проекта. Автор подробно разбирает систему прогрессии, сложность уровней и способы взаимодействия с игровым миром.","Блогер крайне разочарован игрой, считая её неудачным продуктом, который не соответствует ожиданиям фанатов и лишен уникальной идентичности серии. Его негативное мнение сохраняется на протяжении всего ролика: от критики визуального стиля и сценария до разочарования от несбалансированных механик.",интересные способности у разных версий Сэма; система получения информации об игровом мире через кодекс,"непродуманный и слишком резкий скачок сложности на уровне Shattered; плохой баланс в кооперативном режиме; недостаточное количество ресурсов для прогрессии; Игра кажется набором случайных концепций, которые не складываются в единое целое; Сюжет практически отсутствует, а сценарий написан очень плохо",,https://www.metacritic.com/game/serious-sam-shatterverse/,https://video.akamai.steamstatic.com/store_trailers/2067210/1133478281/a2f325a0500e9c98714512af07c03bc62c3690ac/1788183088/hls_264_master.m3u8?t=1788191119,https://www.metacritic.com/a/img/catalog/provider/7/2/7-1789365273.jpg,2026-09-15 12:43
5-in-1-arcade-vault,5 in 1 Arcade Vault,2026-09-15,T,Compilation,Neverliss,Xitilon,Xbox Series X,,1,,0,,"критики отмечают, что игры в сборнике не производят впечатления и уступают проектам с более простым управлением","Критики оценивают сборник крайне негативно, указывая на отсутствие впечатлений от игр и их низкое качество по сравнению с другими проектами в жанре.",1 из 1,,,,,gemma-4-12b-it-qat,готов,https://www.youtube.com/watch?v=fXX5Foe2G1Q,K4rn4ge,73,32.0,en,Whisper,"Блогер знакомит зрителей с 5 in 1 Arcade Vault — сборником из пяти различных аркадных игр, доступных на Xbox One, Xbox Series и Windows. В ходе прохождения он оценивает каждую мини-игру, комментируя управление, механику получения достижений и общую сложность. Блогер отмечает, что некоторые элементы управления могут быть непривычными, а описание условий получения достижений — недостаточно подробным.","Блогер считает 5 in 1 Arcade Vault неплохой подборкой аркадных игр, где некоторые режимы ощущаются приятно, а другие могут вызвать легкое раздражение из-за специфики управления или отсутствия четких инструкций к достижениям.",удобное управление в некоторых режимах; простая и понятная механика в режиме twin-stick shooter; приятная механика в режиме shmup,"неудобная необходимость постоянно нажимать кнопку стрельбы вместо удержания; недостаточно понятные условия получения достижений; неудобная цветовая индикация, которая может быть проблемой для людей с цветовой слепотой; неудобная механика появления врагов прямо на игроке",,https://www.metacritic.com/game/5-in-1-arcade-vault/,,https://www.metacritic.com/a/img/catalog/provider/6/12/6-1-1278809-52.jpg,2026-09-16 15:00
771,771,2026-09-14,,First-Person Adventure,Admia,Admia,PC,,0,,0,,,,,,,,,,готов,https://www.youtube.com/watch?v=p4p9SqmDE9c,Niyeko,6306,64.9,en,Whisper,"Блогер делится своими впечатлениями от прохождения психологического хоррора 771, состоящего из семи уникальных сегментов. Основное внимание в ролике уделяется реакциям игрока на атмосферу, звуки и визуальные образы, а также многочисленным отступлениям на темы еды и аниме. Блогер отмечает довольно короткое прохождение основной части игры, что вызвало у него некоторое удивление.","Игра оставляет смешанные впечатления: с одной стороны, она успешно создает пугающую атмосферу и использует узнаваемые визуальные образы, но с другой — блогер был разочарован краткостью прохождения полной версии игры.",атмосфера игры напоминает Backrooms; наличие работающего фонарика,неприятный звук; недостаточное количество контента в полной версии игры,,https://www.metacritic.com/game/771/,https://video.akamai.steamstatic.com/store_trailers/3916440/729496298/cfec801b14480874724d004e8efff3f9b85ec63b/1787803461/hls_264_master.m3u8?t=1787806473,https://www.metacritic.com/a/img/catalog/provider/6/12/6-1-1276909-52.jpg,2026-09-16 19:37
911-dispatcher-unknown-caller,911 Dispatcher: Unknown Caller,2026-09-14,,First-Person Adventure,Room13Games,Room13Games,PC,,0,,0,,,,,,,,,,готов,https://www.youtube.com/watch?v=407cCjT6_Jk,setsuna ray,95,23.7,en,Whisper,"Блогер делится впечатлениями от прохождения хоррор-игры 911 Dispatcher: Unknown Caller. Он отмечает специфический визуальный стиль игры, напоминающий рабочий стол Windows XP, и отмечает наличие багов, таких как повторение старых звонков. В ходе прохождения блогер отмечает наличие скриптовых элементов, джампскейров и странных игровых механик, в итоге называя игру шуточной.","Блогер считает игру скорее шуточной из-за странных механик и нелепых моментов, несмотря на попытку создать атмосферу хоррора.",Интересная механика движения камеры,Устаревший визуальный стиль; Наличие багов в системе; Скриптовые и нелогичные моменты,,https://www.metacritic.com/game/911-dispatcher-unknown-caller/,https://video.akamai.steamstatic.com/store_trailers/5133880/1997021726/a85ca6d0ffe142de3ade162ad24c03cfa2ac42a0/1787344452/hls_264_master.m3u8?t=1787755273,https://www.metacritic.com/a/img/catalog/provider/6/12/6-1-1276431-52.jpg,2026-09-16 19:10
a-decent-farewell,A Decent Farewell,2026-09-15,,First-Person Adventure,Best Brush Studio,Best Brush Studio,PC,,0,,0,,,,,,,,,,не найден,,,,,,,,,,,поиск не дал подходящих роликов,https://www.metacritic.com/game/a-decent-farewell/,https://video.akamai.steamstatic.com/store_trailers/5109380/621135784/018540bd0b69290219a7cce98c08b4e0ad55517e/1786728838/hls_264_master.m3u8?t=1788744641,https://www.metacritic.com/a/img/catalog/provider/6/12/6-1-1282278-52.jpg,2026-09-16 14:00
a-game-about-flipping-cards,A Game About Flipping Cards,2026-09-15,,Strategy,Zandbox Studio,Zandbox Studio,PC,,0,,0,,,,,,,,,,не найден,,,,,,,,,,,поиск не дал подходящих роликов,https://www.metacritic.com/game/a-game-about-flipping-cards/,https://video.akamai.steamstatic.com/store_trailers/4659250/1768204268/e07251fbb8ef0291e2b5919c32972e0915d9aea3/1779870368/hls_264_master.m3u8?t=1779870519,https://www.metacritic.com/a/img/catalog/provider/6/12/6-1-1231106-52.jpg,2026-09-16 11:11
a-graveyard-shift,A Graveyard Shift,2026-09-14,,First-Person Adventure,pumpkin.games,pumpkin.games,PC,,0,,0,,,,,,,,,,готов,https://www.youtube.com/watch?v=H3OH8gUYTZ0,Live Insaan,4735652,65.4,hi,Whisper,"Блогер делится впечатлениями от прохождения хоррор-игры A Graveyard Shift, где он исполняет роль ночного охранника на кладбище. Он отмечает атмосферу игры, сравнивая визуальный ряд с эффектом полного погружения, и описывает процесс выполнения различных задач: от проверки камер видеонаблюдения до поиска предметов и борьбы с демоническими сущностями. Блогер эмоционально реагирует на пугающие моменты, включая появление монахини и внезапные скримеры, а также комментирует технические аспекты, такие как баги и изменения в окружении.","Блогер в целом остался доволен игрой, отметив её атмосферу и динамику прохождения. Несмотря на некоторые технические проблемы, он признает, что получил удовольствие от процесса.",Визуальное погружение в атмосферу кладбища; Наличие системы видеонаблюдения для проверки территории; Наличие системы выполнения задач; Интересное взаимодействие с предметами и окружением,Наличие технических ошибок и багов; Неожиданное изменение условий игры (замена замков),,https://www.metacritic.com/game/a-graveyard-shift/,https://video.akamai.steamstatic.com/store_trailers/4897200/2041084319/5822e38fba4bc7555b88384cf486d7bf602d6f8d/1782596777/hls_264_master.m3u8?t=1783001790,https://www.metacritic.com/a/img/catalog/provider/6/12/6-1-1255324-52.jpg,2026-09-16 19:10
afk-army-for-keyboard,AFK - Army For Keyboard,2026-09-16,,Puzzle,Lumethis Ekibi,Lumethis,PC,,0,,0,,,,,,,,,,не найден,,,,,,,,,,,поиск не дал подходящих роликов,https://www.metacritic.com/game/afk-army-for-keyboard/,https://video.akamai.steamstatic.com/store_trailers/5194330/1156072443/a8ce6095327c812f676dc568ecc10937b978e0a9/1789064112/hls_264_master.m3u8?t=1789064595,https://www.metacritic.com/a/img/catalog/provider/6/12/6-1-1280453-52.jpg,2026-09-16 11:00
akiba-lost,AKIBA LOST,2026-09-16,,Action Adventure,IzanagiGames,IzanagiGames,PlayStation 5,,0,,0,,,,,,,,,,не найден,,,,,,,,,,,hGwRFIY4X5g: мало речи блогера (0 символов в минуту); EaicQmgCb9E: мало речи блогера (33 символов в минуту),https://www.metacritic.com/game/akiba-lost/,https://video.akamai.steamstatic.com/store_trailers/4131220/885385408/97619c96750933d6ed9e3b8ab521a363f4adb6ef/1769152784/hls_264_master.m3u8?t=1769154789,https://www.metacritic.com/a/img/catalog/provider/6/12/6-1-1157846-59.jpg,2026-09-16 10:28
ares-the-iron-vanguard,ARES: THE IRON VANGUARD,2026-09-15,,Action RPG,Second Dive,Com2uS,PC,,0,,0,,,,,,,,,,готов,https://www.youtube.com/watch?v=rJaIe0RGeQU,Lein Xceed,40673,17.5,id,Whisper,"Блогер делится впечатлениями от выхода ARES: THE IRON VANGUARD в Индонезии. Он отмечает, что игра основана на старом проекте, и оценивает её как качественную MMORPG с элементами мехи и магией. Блогер хвалит глубокую систему кастомизации персонажей, визуальный стиль и наличие различных классов, но при этом предупреждает о высокой технической сложности игры для мобильных устройств и довольно дорогой системе монетизации.","ARES: THE IRON VANGUARD — это масштабная MMORPG с глубокой кастомизацией и интересными механиками смены классов. Несмотря на визуально привлекательный стиль и качественный контент, игра может быть требовательной к железу на мобильных устройствах и обладает довольно высокой стоимостью внутриигровых покупок.",Детальная настройка внешности персонажа; Возможность изменять параметры тела персонажа; Качественный пролог для мобильной игры; Интересное сочетание магических способностей и механики мехов; Наличие системы смены классов во время боя,Высокие системные требования для мобильных устройств; Наличие просадок кадров (frame drops); Дорогая система монетизации и цены на внутриигровые товары,,https://www.metacritic.com/game/ares-the-iron-vanguard/,,https://www.metacritic.com/a/img/catalog/provider/6/12/6-1-1282691-59.jpg,2026-09-16 15:00
active-matter,Active Matter,2026-09-15,,Tactical FPS,Matter Team,Gaijin Entertainment,PC,,0,,0,,,,,,,,,,готов,https://www.youtube.com/watch?v=ZM3geD7WANA,martincitopantsLIVE,739770,37.2,en,Whisper,"Блогер проходит игру Active Matter в кооперативном режиме, исследуя её мир и взаимодействуя с различными механиками. На протяжении всего ролика он оценивает динамику процесса, элементы выживания и способы взаимодействия с окружением.","Блогер остался доволен Active Matter, отметив её пугающую атмосферу и интересные игровые механики, несмотря на некоторые сложности с навигацией и уровень шума.",атмосфера игры; возможность управлять транспортными средствами; качество окружающей среды; механика антигравитационных аномалий; Разнообразная музыка в лобби,высокий уровень шума в игре; Ловушки на полу могут быть труднозаметными; Урон от падения,,https://www.metacritic.com/game/active-matter/,https://video.akamai.steamstatic.com/store_trailers/2887580/696215680/336f7a62298d6389ce7feb3d67d69c37e7ae4ebc/1789133384/hls_264_master.m3u8?t=1789462798,https://www.metacritic.com/a/img/catalog/provider/6/12/6-1-1066820-52.jpg,2026-09-16 15:00
after-dark-jigsaw,After Dark Jigsaw,2026-09-14,,Puzzle,Hidden File,Hidden File,PC,,0,,0,,,,,,,,,,не найден,,,,,,,,,,,поиск не дал подходящих роликов,https://www.metacritic.com/game/after-dark-jigsaw/,https://video.akamai.steamstatic.com/store_trailers/5096850/1607679886/b140618486861364203ca84dd6a663d4bafa1ff2/1786472783/hls_264_master.m3u8?t=1788214163,https://www.metacritic.com/a/img/catalog/provider/6/12/6-1-1279015-52.jpg,2026-09-16 19:37
alex-and-arty,Alex & Arty,2026-09-16,,Action Adventure,"ROLLDBOX GAMES, SL",Jatai Games,PC,,0,,0,,,,,,,,,,готов,https://www.youtube.com/watch?v=5ONG8kaqVXc,XP Kolik,23,58.4,tr,Whisper,"Блогер протестировал демоверсию игры Alex & Arty. Он отмечает наличие интересных механик, таких как способности Burst Shutter и системы очистки территорий, однако часто сталкивается с техническими проблемами, включая баги и некорректное поведение персонажей. Несмотря на визуальную привлекательность и интересные элементы геймплея, блогер сомневается в необходимости дальнейшего прохождения демоверсии из-за отсутствия прогрессии в текущем формате.","Блогер остался доволен демоверсией Alex & Arty, отметив её визуальную составляющую и интересные механики, такие как Burst Shutter. Однако частые баги, проблемы с управлением персонажами и запутанные маршруты к целям несколько испортили впечатление. В итоге автор решил не продолжать игру дальше, так как в рамках демоверсии прогрессия ограничена.",эффектные способности для сражения с боссами; приятная визуальная составляющая; удобная механика очистки территории,технические ошибки и баги; некорректное поведение персонажей и сложность управления; неудобная навигация и путь к целям,,https://www.metacritic.com/game/alex-and-arty/,https://video.akamai.steamstatic.com/store_trailers/2854800/793938685/49720c437e1015a49c976680fffac8e6b4df878f/1789565782/hls_264_master.m3u8?t=1789569302,https://www.metacritic.com/a/img/catalog/provider/6/12/6-1-1166359-52.jpg,2026-09-16 10:28
ancient-chinese-grand-strategy,Ancient Chinese Grand Strategy,2026-09-14,,Strategy,Dai Junjun,Network Star Games Technology Co.,PC,,0,,0,,,,,,,,,,не найден,,,,,,,,,,,поиск не дал подходящих роликов,https://www.metacritic.com/game/ancient-chinese-grand-strategy/,,https://www.metacritic.com/a/img/catalog/provider/6/12/6-1-1252380-52.jpg,2026-09-16 19:25
are-you-chicken,Are You Chicken?,2026-09-14,,Action Puzzle,Guldan Games,Guldan Games,PC,,0,,0,,,,,,,,,,не найден,,,,,,,,,,,поиск не дал подходящих роликов,https://www.metacritic.com/game/are-you-chicken/,,https://www.metacritic.com/a/img/catalog/provider/6/12/6-1-1265394-52.jpg,2026-09-16 19:37
arrow-card-arena,Arrow Card Arena,2026-09-15,,Card Battle,Ludendria Studio,Ludendria Studio,PC,,0,,0,,,,,,,,,,не найден,,,,,,,,,,,поиск не дал подходящих роликов,https://www.metacritic.com/game/arrow-card-arena/,https://video.akamai.steamstatic.com/store_trailers/5011490/1379888004/18a729acee580c3da7c6c2a69ae663853fe05e80/1787023623/hls_264_master.m3u8?t=1787024645,https://www.metacritic.com/a/img/catalog/provider/6/12/6-1-1265090-52.jpg,2026-09-16 11:11
art-rally-simulator,Art Rally Simulator,2026-09-15,,Arcade Racing,St Pow Games,St Pow Games,Nintendo Switch,,0,,0,,,,,,,,,,не найден,,,,,,,,,,,поиск не дал подходящих роликов,https://www.metacritic.com/game/art-rally-simulator/,,,2026-09-16 15:00
ashworth,Ashworth,2026-09-16,,Adventure,MR ROCK,MR ROCK,PC,,0,,0,,,,,,,,,,готов,https://www.youtube.com/watch?v=uNQdmirWxjc,Landon Ashworth,6681,11.5,en,Whisper,"Блогер тестирует комплект клюшек Bombtech, которые совершенно не подходят ему по техническим характеристикам: они слишком короткие, имеют неправильную жесткость шафта и не привычный ему тип проставки (forgiveness). Несмотря на это, он отмечает, что клюшки хорошо себя показали, и ему удалось забить минус в игру. Блогер подчеркивает, что играть на таком оборудовании крайне сложно из-за необходимости полностью менять технику взмаха.","Блогер отмечает, что играть на клюшках, которые не соответствуют его параметрам, крайне сложно, и ему пришлось сильно менять технику взмаха. Однако он признает, что комплект Bombtech справился с задачей, позволив ему забить минус в игру.",Клюшки хорошо себя показали в игре; Клюшки выглядят красиво,Клюшки не подходят по длине; Неправильная жесткость шафта; Очень высокая сложность игры на незнакомом оборудовании; Неудобные для блогера рукоятки,,https://www.metacritic.com/game/ashworth/,https://video.akamai.steamstatic.com/store_trailers/5100520/1351489242/5f8afbf00cdbe59229d9112407c533e0fababfdf/1786708138/hls_264_master.m3u8?t=1787188440,https://www.metacritic.com/a/img/catalog/provider/6/12/6-1-1273300-52.jpg,2026-09-16 11:00
assassin-seek,Assassin Seek,2026-09-14,,Action Adventure,LKHGames,LKHGames,PC,,0,,0,,,,,,,,,,не найден,,,,,,,,,,,поиск не дал подходящих роликов,https://www.metacritic.com/game/assassin-seek/,https://video.akamai.steamstatic.com/store_trailers/4964760/912548581/ce6a797ac62f7b4857775c6a1358e6ea0cd431f1/1788259590/hls_264_master.m3u8?t=1788259970,https://www.metacritic.com/a/img/catalog/provider/6/12/6-1-1268533-52.jpg,2026-09-16 19:10
avalonclash,AvalonClash,2026-09-14,,Card Battle,allen,FUNIU,PC,,0,,0,,,,,,,,,,не найден,,,,,,,,,,,поиск не дал подходящих роликов,https://www.metacritic.com/game/avalonclash/,https://video.akamai.steamstatic.com/store_trailers/4884730/554333232/b020b704eed819d66804f330a637c2a1f628467d/1787205187/hls_264_master.m3u8?t=1788132433,https://www.metacritic.com/a/img/catalog/provider/6/12/6-1-1279622-52.jpg,2026-09-16 19:25
axiomatik,Axiomatik,2026-09-16,,Action,J&J,UnrealEstate,PC,,0,,0,,,,,,,,,,не найден,,,,,,,,,,,среди роликов нет летсплеев,https://www.metacritic.com/game/axiomatik/,https://video.akamai.steamstatic.com/store_trailers/3969490/1015186426/1a717554cf296c72865b40f9bc71c6a73535de34/1780482080/hls_264_master.m3u8?t=1780484463,https://www.metacritic.com/a/img/catalog/provider/6/12/6-1-1164164-52.jpg,2026-09-16 10:28
blackwood,BLACKWOOD,2026-09-16,,Action Adventure,AttritoM7 Productions,IZilla Games,PC,,0,,0,,,,,,,,,,готов,https://www.youtube.com/watch?v=BqHxqv8uOHg,WavezWRLD,29268,10.5,en,Whisper,"Блогер считает BLACKWOOD крайне интересной игрой благодаря её уникальной концепции: контрасту между повседневной жизнью владельца магазина DVD и деятельностью наемного убийцы. Он отмечает, что игра не пытается переизобрести жанр шутера, а фокусируется на синергии двух разных игровых циклов — симулятора жизни и кинематографичного экшена. Блогеру особенно импонирует идея «двойной жизни» героя, где рутинные действия имеют сюжетное значение и влияют на прогрессию.","BLACKWOOD выделяется на фоне других игр за счет смелого сочетания симулятора магазина и экшена. Блогер высоко оценивает проработку механик, где управление бизнесом напрямую влияет на прогрессию и идентичность персонажа. Игра успешно передает атмосферу двойной жизни, делая каждый момент — от продажи DVD до кровавых контрактов — значимым для истории.","Интересная концепция контраста между двумя разными жизнями героя; Глубокая и продуманная система экономики с разделением на «чистые» и «грязные» деньги; Качественная боевая система с упором на движения и реалистичные анимации добиваний; Необычный подход к сюжету, где рутинные моменты являются важной частью повествования",,,https://www.metacritic.com/game/blackwood/,https://cdn.jwplayer.com/players/wUNquOXM.html,https://www.metacritic.com/a/img/catalog/provider/6/12/6-1-1169012-52.jpg,2026-09-16 10:28
blind-spot-kyle-simpson,BLIND SPOT (Kyle Simpson),2026-09-15,,First-Person Adventure,Kyle Simpson,Vherb Media LLC,PC,,0,,0,,,,,,,,,,не найден,,,,,,,,,,,поиск не дал подходящих роликов,https://www.metacritic.com/game/blind-spot-kyle-simpson/,https://video.akamai.steamstatic.com/store_trailers/5071740/807264067/e440d7cf5bbc9f3dc040d30c9b9b154d174c4bce/1787179897/hls_264_master.m3u8?t=1788027911,https://www.metacritic.com/a/img/catalog/provider/6/12/6-1-1278192-52.jpg,2026-09-16 14:00
brazilian-drug-dealer-before-4-demons-from-the,BRAZILIAN DRUG DEALER BEFORE 4: DEMONS FROM THE PORTAL TO HELL I OPENED ARE STILL IN THE FAVELA AND NOW I HAVE TO SAVE MAMADAS FROM RONALDO,2026-09-16,,Adventure,Joeveno,Joeveno,PC,,2,,0,"критики отмечают уникальность и аутентичность игры, подчеркивая её искренний и хаотичный характер как дань уважения бразильским модам и пиратским играм 2000-х; в отзывах встречается мнение, что проект является впечатляющим воплощением идеи любви к делу, которое выросло из простого дополнения в самостоятельную игру; критики хвалят игру за то, что она представляет собой веселый опыт, основанный на безумной и эксцентричной концепции","критики указывают на наличие повторяющихся идей, дефектов дизайна, а также на визуальную непривлекательность и любительский стиль исполнения","Критики оценивают игру как уникальный и искренний проект с безумной концепцией, который, несмотря на технические огрехи и визуальную простоту, вызывает положительные эмоции благодаря своей аутентичности.",2 из 2,,,,,gemma-4-12b-it-qat,не найден,,,,,,,,,,,поиск не дал подходящих роликов,https://www.metacritic.com/game/brazilian-drug-dealer-before-4-demons-from-the/,https://video.akamai.steamstatic.com/store_trailers/4241920/643353649/7c8dbf66faaf50894e52aa721805695675e29cd0/1788917380/hls_264_master.m3u8?t=1788917886,https://www.metacritic.com/a/img/catalog/provider/6/12/6-1-1202563-52.jpg,2026-09-16 10:28
btr-ringfall,BTR Ringfall,2026-09-15,,Defense,ALFA Games,ALFA Games,PC,,0,,0,,,,,,,,,,не найден,,,,,,,,,,,поиск не дал подходящих роликов,https://www.metacritic.com/game/btr-ringfall/,https://video.akamai.steamstatic.com/store_trailers/5102710/724710637/b2356466f276ad5a133bd8d3bcb24b0790264c4f/1786559814/hls_264_master.m3u8?t=1787724148,https://www.metacritic.com/a/img/catalog/provider/6/12/6-1-1276432-52.jpg,2026-09-16 14:00
batomon-showdown,Batomon Showdown,2026-09-15,,Turn-Based Strategy,berrymint,berrymint,PC,,0,,0,,,,,,,,,,готов,https://www.youtube.com/watch?v=Z5i7w4T8MSU,Retromation,72288,29.8,en,Whisper,"Блогер делится впечатлениями от демо-версии Batomon Showdown, описывая её как автобатлер с тематикой коллекционирования существ, напоминающий Pokemon. Он отмечает, что игра находится в «золотой середине» по уровню сложности: она сложнее, чем Super Auto Pets, но при этом обладает интересными механиками принятия решений и вариативностью забегов. Блогер очень доволен игрой, называя её подходящей именно для его стиля геймплея.","Блогеру очень понравилась игра, он считает её отличным автобатлером с глубокими механиками и приятной атмосферой.",удобное объединение показателей здоровья в одну полоску; интересные и крутые способности; подходящий уровень сложности; хорошая вариативность забегов; приятное ощущение от геймплея,недостаточная сложность некоторых механик; неожиданно низкая награда за достижение,,https://www.metacritic.com/game/batomon-showdown/,https://video.akamai.steamstatic.com/store_trailers/4557380/1125925995/181f6d8ada70fe1cff3d924f02bab32beb06e1c0/1778335088/hls_264_master.m3u8?t=1778335421,https://www.metacritic.com/a/img/catalog/provider/6/12/6-1-1221989-52.jpg,2026-09-16 11:11
bible-quiz-trivia-do-you-know-your-bible,Bible Quiz Trivia - Do you know your Bible?,2026-09-16,,Trivia,Cray8eve Games,Cray8eve Games,PC,,0,,0,,,,,,,,,,не найден,,,,,,,,,,,поиск не дал подходящих роликов,https://www.metacritic.com/game/bible-quiz-trivia-do-you-know-your-bible/,https://video.akamai.steamstatic.com/store_trailers/4990460/2080850196/75dcce424eda08391831087cc7edd2d650f3eb81/1784646018/hls_264_master.m3u8?t=1785672936,https://www.metacritic.com/a/img/catalog/provider/6/12/6-1-1266126-52.jpg,2026-09-16 10:28
blackjack-simulator-2027,Blackjack Simulator 2027,2026-09-14,,Gambling,FlagmanJeremy,FlagmanJeremy,PC,,0,,0,,,,,,,,,,не найден,,,,,,,,,,,поиск не дал подходящих роликов,https://www.metacritic.com/game/blackjack-simulator-2027/,https://video.akamai.steamstatic.com/store_trailers/5177890/776083413/b98337d7658a00a38c04cfa4e3f214f8b3a6f3e8/1787716100/hls_264_master.m3u8?t=1788197580,https://www.metacritic.com/a/img/catalog/provider/6/12/6-1-1279202-52.jpg,2026-09-16 19:10
blackout-murder,Blackout Murder,2026-09-14,,Action Adventure,Party2Games,Party2Games,PC,,0,,0,,,,,,,,,,готов,https://www.youtube.com/watch?v=JqveHVulRV0,Librahprime,9,20.7,en,Whisper,"Блогер делится впечатлениями от прохождения игры Blackout Murder, которую он нашел на платформе itch.io. Он отмечает атмосферу игры, отмечая драматичную музыку и визуальные детали, такие как лунный свет и портреты. Блогер хвалит динамику игры и некоторые элементы взаимодействия, однако также отмечает проблемы с читаемостью текста из-за недостаточного освещения и некоторые моменты повествования, которые показались ему странными или затянутыми. В целом, он признает, что игра затягивает, несмотря на некоторые технические и дизайнерские нюансы.","Блогер считает игру интересной и атмосферной, отмечая её способность удерживать внимание игрока до самого конца. Несмотря на жалобы на освещение и некоторые странности в сценарии, он признает, что получил удовольствие от процесса.",драматичная музыка; атмосферные визуальные эффекты; интересное прохождение; приятные детали в окружении,плохая читаемость текста из-за темноты; неожиданно быстрое развитие событий; странные или нелепые моменты в сюжете,,https://www.metacritic.com/game/blackout-murder/,https://video.akamai.steamstatic.com/store_trailers/5020590/60632688/9c43b98d5abfe0f4921de89cba1f2bc953ffb0d6/1785240866/hls_264_master.m3u8?t=1785524305,https://www.metacritic.com/a/img/catalog/provider/6/12/6-1-1265845-52.jpg,2026-09-16 19:10
blood-lily-killers-cant-sink-a-yuri-ship,Blood Lily: Killers Can't Sink a Yuri Ship,2026-09-14,,Visual Novel,Sounding Stone,Sounding Stone,PC,,0,,0,,,,,,,,,,готов,https://www.youtube.com/watch?v=Y8p4mCtf0wE,rinimt,257,28.3,en,Whisper,"Блогер делится впечатлениями от демоверсии игры Blood Lily: Killers Can't Sink a Yuri Ship. Он отмечает наличие большого количества деталей в сюжете, а также наличие системы диалогов и возможности исследования локаций. Блогер активно комментирует происходящее, выражая удивление и иронию по поводу поведения персонажей и закрученных событий.","Блогер оценивает игру как детально проработанную детективную историю с интересными механиками исследования и диалогов. Несмотря на некоторые замечания по поводу избыточности информации и поведения некоторых персонажей, он находит сюжетные повороты и атмосферу игры заслуживающими внимания.",Игра содержит много деталей; Наличие системы диалогов и исследования,Слишком много лишней информации; Недостаточное количество подсказок от персонажей,,https://www.metacritic.com/game/blood-lily-killers-cant-sink-a-yuri-ship/,https://video.akamai.steamstatic.com/store_trailers/3863090/2011233550/2f9a6650de0bc2259a1b927a588b410cd1f938d9/1772705720/hls_264_master.m3u8?t=1772706841,https://www.metacritic.com/a/img/catalog/provider/6/12/6-1-1150039-52.jpg,2026-09-16 15:00
bloomkeeper,BloomKeeper,2026-09-16,,Action Adventure,Resonance Interactive,Resonance Interactive,PC,,0,,0,,,,,,,,,,готов,https://www.youtube.com/watch?v=xcE0qRVE9wo,morifae,941,62.2,en,Whisper,"В данном ролике блогер проходит демоверсию игры BloomKeeper, оценивая её визуальный стиль и геймплейные механики. Автор исследует мир игры, управляя группой маленьких существ и взаимодействуя с окружением в спокойном темпе.","Блогер остался в восторге от игры, называя её невероятно милой, уютной и визуально приятной. Несмотря на некоторые сложности с управлением независимыми существами и появление «злых» версий, общее впечатление осталось крайне положительным.",Визуальный стиль игры очень красивый и приятный; Персонажи и существа в игре очень милые; Музыкальное сопровождение очень приятное и атмосферное; Приятный процесс управления и взаимодействия с существами; Геймплей спокойный и не слишком сложный,Управление существами может быть сложным из-за их независимости; Игроку бывает трудно удерживать группу в нужном направлении; Появление злых версий существ может вызвать недовольство,,https://www.metacritic.com/game/bloomkeeper/,https://video.akamai.steamstatic.com/store_trailers/3034650/1935481344/c9fa6bdb2776789cfae90748addc5acf0e6ff6ab/1778666144/hls_264_master.m3u8?t=1778666752,https://www.metacritic.com/a/img/catalog/provider/6/12/6-1-1139828-52.jpg,2026-09-16 10:28
blue-sun-saga,Blue Sun Saga,2026-09-15,,Top-Down Shoot-'Em-Up,Prospective Games,Prospective Games,PC,,0,,0,,,,,,,,,,не найден,,,,,,,,,,,среди роликов нет летсплеев,https://www.metacritic.com/game/blue-sun-saga/,https://video.akamai.steamstatic.com/store_trailers/4984340/1882122612/f2b4595b61ecdd004174f902b1092313c35a0156/1787009102/hls_264_master.m3u8?t=1787009463,https://www.metacritic.com/a/img/catalog/provider/6/12/6-1-1262866-52.jpg,2026-09-16 15:00
botsbeats,Bots&Beats,2026-09-15,,Rhythm,Team Bots&Beats,Team Bots&Beats,PC,,0,,0,,,,,,,,,,не найден,,,,,,,,,,,поиск не дал подходящих роликов,https://www.metacritic.com/game/botsbeats/,https://video.akamai.steamstatic.com/store_trailers/4787840/1270849577/a5ac655a73586ae58c8caeaf7b8de3e47faa1824/1788792251/hls_264_master.m3u8?t=1788792695,https://www.metacritic.com/a/img/catalog/provider/6/12/6-1-1243601-52.jpg,2026-09-16 11:11
burrows-of-cairntir,Burrows of Cairntir,2026-09-14,,RPG,Cairntir Games,Cairntir Games,PC,,0,,0,,,,,,,,,,не найден,,,,,,,,,,,среди роликов нет летсплеев,https://www.metacritic.com/game/burrows-of-cairntir/,https://video.akamai.steamstatic.com/store_trailers/5175240/664832416/d7feb9e5b273fed1adfa6fcc3e638aed7512fb80/1789085053/hls_264_master.m3u8?t=1789087495,https://www.metacritic.com/a/img/catalog/provider/6/12/6-1-1279650-52.jpg,2026-09-16 19:37
caravan-in-the-majin-world,CARAVAN in the MAJIN WORLD,2026-09-15,,RPG,PubMangaS,PubMangaS,PC,,0,,0,,,,,,,,,,не найден,,,,,,,,,,,поиск не дал подходящих роликов,https://www.metacritic.com/game/caravan-in-the-majin-world/,https://video.akamai.steamstatic.com/store_trailers/5059270/1045513617/34a04524b91494fe5632f41c5b20fb9e7bed38ec/1786723138/hls_264_master.m3u8?t=1788323878,https://www.metacritic.com/a/img/catalog/provider/6/12/6-1-1279884-52.jpg,2026-09-16 11:11
cardfall-arena,Cardfall Arena,2026-09-14,,Card Battle,adrenaline shot LLC,adrenaline shot,Meta Quest,,0,,0,,,,,,,,,,не найден,,,,,,,,,,,поиск не дал подходящих роликов,https://www.metacritic.com/game/cardfall-arena/,,,2026-09-16 19:25
carrot-clicker,Carrot Clicker,2026-09-14,,Simulation,Till,WILD Games,PC,,0,,0,,,,,,,,,,не найден,,,,,,,,,,,поиск не дал подходящих роликов,https://www.metacritic.com/game/carrot-clicker/,https://video.akamai.steamstatic.com/store_trailers/5117280/849651834/8ca0bfd5594a656fc2157cfc78389868772fa9f1/1786804949/hls_264_master.m3u8?t=1788194686,https://www.metacritic.com/a/img/catalog/provider/6/12/6-1-1279203-52.jpg,2026-09-16 19:10
charnoluzkys-office,Charnoluzky's Office,2026-09-16,,Visual Novel,EgraphonGames,EgraphonGames,PC,,0,,0,,,,,,,,,,не найден,,,,,,,,,,,поиск не дал подходящих роликов,https://www.metacritic.com/game/charnoluzkys-office/,https://video.akamai.steamstatic.com/store_trailers/5094980/1933532096/40a86829e406e5df3a70622c013eecd6b987ede7/1788194608/hls_264_master.m3u8?t=1788195371,https://shared.akamai.steamstatic.com/store_item_assets/steam/apps/5094980/c9ff2b0fa370805a66d7186746d59915b7ca0223/header.jpg?t=1788195372,2026-09-16 10:43
chef-hands-kitchen-mayhem,Chef Hands : Kitchen Mayhem,2026-09-15,,Simulation,Miam Games,No Gravity Games,PC,,0,,0,,,,,,,,,,не найден,,,,,,,,,,,поиск не дал подходящих роликов,https://www.metacritic.com/game/chef-hands-kitchen-mayhem/,https://video.akamai.steamstatic.com/store_trailers/3179160/742596/6cc2d1ad61d29863538b0a0d8a02c8a32753234e/1750878230/hls_264_master.m3u8?t=1746299710,https://www.metacritic.com/a/img/catalog/provider/6/12/6-1-1050021-52.jpg,2026-09-16 13:06
chill-drive-together,Chill Drive Together,2026-09-16,,Vehicle Sim,cnsgames,cnsgames,PC,,0,,0,,,,,,,,,,не найден,,,,,,,,,,,поиск не дал подходящих роликов,https://www.metacritic.com/game/chill-drive-together/,https://video.akamai.steamstatic.com/store_trailers/5147700/323953731/0250dae21e50e6c31b6693a24d43eaf195304f93/1788110637/hls_264_master.m3u8?t=1788111992,https://www.metacritic.com/a/img/catalog/provider/6/12/6-1-1276440-52.jpg,2026-09-16 11:00
chronicle-of-wuxia-and-xianxia-survivors,Chronicle of Wuxia & Xianxia Survivors,2026-09-15,,Top-Down Shoot-'Em-Up,DDMcLab,DDMcLab,PC,,0,,0,,,,,,,,,,не найден,,,,,,,,,,,joJyYuhSvhQ: в ролике нет речи блогера,https://www.metacritic.com/game/chronicle-of-wuxia-and-xianxia-survivors/,,https://www.metacritic.com/a/img/catalog/provider/6/12/6-1-1227676-52.jpg,2026-09-16 15:00
chuddy-clicker,Chuddy Clicker,2026-09-15,,Strategy,Moss,Moss,PC,,0,,0,,,,,,,,,,не найден,,,,,,,,,,,поиск не дал подходящих роликов,https://www.metacritic.com/game/chuddy-clicker/,https://video.akamai.steamstatic.com/store_trailers/5175480/876807892/55dced3432b2727eb979934a777e7947dfc5e659/1787819721/hls_264_master.m3u8?t=1788233287,https://www.metacritic.com/a/img/catalog/provider/6/12/6-1-1279637-52.jpg,2026-09-16 14:00
cipher-monk-cassette-equation,Cipher Monk: Cassette Equation,2026-09-15,E,Puzzle,Heavy Sheep,AFIL Games,Xbox One,,0,,0,,,,,,,,,,не найден,,,,,,,,,,,поиск не дал подходящих роликов,https://www.metacritic.com/game/cipher-monk-cassette-equation/,,,2026-09-16 15:00
circle-test-suite,Circle Test Suite,2026-09-16,,Action,Copper Kettle,Copper Kettle,PC,,0,,0,,,,,,,,,,не найден,,,,,,,,,,,поиск не дал подходящих роликов,https://www.metacritic.com/game/circle-test-suite/,https://video.akamai.steamstatic.com/store_trailers/5063610/1454890550/872f8f34750c193b98dfcea844e0824c63ccc808/1786276579/hls_264_master.m3u8?t=1787874713,https://shared.akamai.steamstatic.com/store_item_assets/steam/apps/5063610/776eb3e1be230550829fcf9bf81bab41ef145ee4/header.jpg?t=1789473885,2026-09-16 10:28
cloudbreaker,Cloudbreaker,2026-09-15,,Top-Down Shoot-'Em-Up,Ballast Games,Ballast Games,PC,,1,,0,критики отмечают важность стратегии при размещении оружия,,"Критики отмечают наличие стратегии в управлении вооружением, однако выборка отзывов крайне ограничена.",1 из 1,,,,,gemma-4-12b-it-qat,готов,https://www.youtube.com/watch?v=g4W3iTnsHN4,Wanderbots,10634,68.1,en,Whisper,"В ролике блогер знакомится с демоверсией Cloudbreaker — Bullet Heaven игрой, сочетающей в себе элементы управления инвентарем и строительства корабля. Автор исследует систему кастомизации судна, механику эволюции оружия и мета-прогрессию через разблокировку новых деталей. На протяжении прохождения блогер оценивает разнообразие контента и глубину взаимодействия между различными компонентами корабля.","Блогер остался доволен игрой, назвав её качественным представителем жанра с увлекательным геймплеем и приятным визуальным исполнением. Несмотря на некоторые сложности с пониманием характеристик и ограниченность слотов в демоверсии, общее впечатление осталось положительным.","Разнообразие типов врагов; Приятная мета-прогрессия через разблокировку контента; Хорошая система эволюции оружия; Эффектные визуальные детали, такие как наклон корабля; Хорошее музыкальное сопровождение",Ограниченное количество слотов на корабле; Не всегда понятное влияние характеристик на оружие; Система редкости может мешать оптимальному подбору модулей; Высокая стоимость некоторых предметов в метапрогрессии; Механика щита кажется ограничивающей,,https://www.metacritic.com/game/cloudbreaker/,https://video.akamai.steamstatic.com/store_trailers/3620890/244856236/6124f3b47b4c34857c1365c299d1b8beaa40c5ae/1789480370/hls_264_master.m3u8?t=1789480915,https://www.metacritic.com/a/img/catalog/provider/6/12/6-1-1144005-52.jpg,2026-09-16 13:06
code-velocity,Code Velocity,2026-09-16,,Action,STIM GAMES,STIM GAMES,PC,,0,,0,,,,,,,,,,не найден,,,,,,,,,,,поиск не дал подходящих роликов,https://www.metacritic.com/game/code-velocity/,https://video.akamai.steamstatic.com/store_trailers/4240610/233901800/73aa38eed2227454b40f767135c756e3fdbfc375/1777439275/hls_264_master.m3u8?t=1777446688,https://www.metacritic.com/a/img/catalog/provider/6/12/6-1-1200031-52.jpg,2026-09-16 10:28
cognite,Cognite,2026-09-15,,Action Adventure,Frosted Wings Studio,Frosted Wings Studio,PC,,0,,0,,,,,,,,,,готов,https://www.youtube.com/watch?v=FFJbQkgiV8Y,ElleixGaming,31078,17.5,en,Whisper,"Блогер комментирует матч в модификации Custom Zion Races для StarCraft II, представляя новые расы и их уникальные механики. Он выражает восторг от дизайна юнитов, системы строительства и визуальных эффектов, называя мод очень крутым и живым. Блогер подробно описывает особенности каждой из трех новых рас, сравнивая их с базовыми фракциями игры, и отмечает высокую динамику сражений.","Блогер в восторге от модификации Custom Zion Races, отмечая её как очень крутую и наполненную уникальными механиками. Ему особенно понравился дизайн юнитов, анимации развертывания и новые структуры, которые добавляют игре жизни. Несмотря на небольшие просадки кадров из-за технических ограничений своего ПК, он высоко оценил визуальную составляющую и сложность взаимодействия новых фракций.",уникальные и интересные новые расы; крутая механика строительства и развертывания юнитов; отличный дизайн юнитов; уникальные и полезные способности юнитов; высокая динамика и насыщенность геймплея,,,https://www.metacritic.com/game/cognite/,https://video.akamai.steamstatic.com/store_trailers/5147050/1443505231/a2726637154e02fd6ae68ad3b04cd5996f824517/1789379028/hls_264_master.m3u8?t=1789467227,https://www.metacritic.com/a/img/catalog/provider/6/12/6-1-1276304-52.jpg,2026-09-16 11:11
console-kingdom,Console Kingdom,2026-09-16,,RPG,Piece Of Voxel,Gamesforfarm,PC,,0,,0,,,,,,,,,,не найден,,,,,,,,,,,среди роликов нет летсплеев,https://www.metacritic.com/game/console-kingdom/,https://video.akamai.steamstatic.com/store_trailers/4701030/598898652/01eaed6855b62f59d83b31e1b2eb49064ada8291/1780853756/hls_264_master.m3u8?t=1783006399,https://www.metacritic.com/a/img/catalog/provider/6/12/6-1-1255063-52.jpg,2026-09-16 10:43
craftomation-101-programming-and-craft,Craftomation 101: Programming & Craft,2026-09-14,,Sandbox,Luden.io,Luden.io,PC,,0,,0,,,,,,,,,,готов,https://www.youtube.com/watch?v=Y7fjtrub8Ro,Secreto - Game Zone,3391,100.7,es,Whisper,"В данном ролике блогер знакомится с Craftomation 101: Programming & Craft — sandbox-симулятором автоматизации и программирования. Он последовательно осваивает базовые и продвинутые механики: от генерации ресурсов и создания базы до написания сложного кода с использованием циклов, условий, переменных и функций для управления роботами. Блогер демонстрирует процесс построения масштабных автоматизированных цепочек и отладки логики взаимодействия роботов с окружением.","Блогер высоко оценил игру как интересный образовательный проект, позволяющий динамично изучать основы программирования через автоматизацию. Несмотря на наличие багов, сложность настройки некоторых условий и медленный темп производства, общее впечатление осталось положительным благодаря глубине механик и удобным инструментам для работы с кодом.",Удобная система функций и переменных для экономии места в коде; удобная система копирования и редактирования кода; Наличие новых карт; Возможность копирования и повторного использования кода между роботами; Игра подходит для обучения детей основам программирования,проблемы с одновременным взаимодействием роботов в одной ячейке; Наличие багов в логике игры; Сложность настройки условий для предотвращения бесконечных циклов; сложность достижения целей из-за медленного темпа производства,,https://www.metacritic.com/game/craftomation-101-programming-and-craft/,https://video.akamai.steamstatic.com/store_trailers/1724140/360954679/f8a9598d082435af70860259d05458a43378200b/1788959440/hls_264_master.m3u8?t=1789048845,https://www.metacritic.com/a/img/catalog/provider/6/12/6-1-854654-52.jpg,2026-09-16 19:25
cube-boy,Cube Boy,2026-09-15,,Point-and-Click,Penguin Pyramid,Penguin Pyramid,PC,,0,,0,,,,,,,,,,готов,https://www.youtube.com/watch?v=W05R7G5IJWE,Indie Enjoyer,62,66.3,en,Whisper,"В ролике блогер проходит Cube Boy, исследуя дом и решая в нем различные головоломки. Автор описывает процесс взаимодействия с окружением, где ему приходится внимательно изучать детали и разбираться в специфических механиках игры.","Несмотря на сложности с управлением, медленное перемещение и некоторые технические огрехи, блогер остался доволен игрой, назвав её качественным и уютным пазл-приключением. Итоговое впечатление положительное: автор готов перепройти Cube Boy снова из-за её визуального стиля и баланса сложности.",приятная визуальная составляющая; приятное общее впечатление от игры; интересная физика движения персонажа; неплохая система подсказок; крутой визуальный эффект глаза,непонятные механики взаимодействия; неудобное и медленное перемещение между комнатами; мелкие ошибки в тексте и верстке; отвлекающий элемент в виде бегающего жука; сложность управления кубом,,https://www.metacritic.com/game/cube-boy/,https://video.akamai.steamstatic.com/store_trailers/4757970/602237465/baa5d8d3a3b3fb54e92e131a111a6d822a66a991/1784833008/hls_264_master.m3u8?t=1784834803,https://www.metacritic.com/a/img/catalog/provider/6/12/6-1-1260086-52.jpg,2026-09-16 11:11
cursed-and-fading,Cursed and Fading,2026-09-14,,RPG,"RG GameDev, LLC","RG GameDev, LLC",PC,,0,,0,,,,,,,,,,не найден,,,,,,,,,,,поиск не дал подходящих роликов,https://www.metacritic.com/game/cursed-and-fading/,https://video.akamai.steamstatic.com/store_trailers/4662180/1582196858/03a9c9bfdcee78a4e29bfd7bce0882529f98ce95/1788380792/hls_264_master.m3u8?t=1788382194,https://www.metacritic.com/a/img/catalog/provider/6/12/6-1-1279635-52.jpg,2026-09-16 19:37
detstvo,DETSTVO,2026-09-15,,First-Person Adventure,VD Games,VD Games,PC,,0,,0,,,,,,,,,,готов,https://www.youtube.com/watch?v=eoMeJ9MEM2w,FuzzyPlus,2581,22.0,sk,Whisper,"Блогер анализирует новый контент в игре DETSTVO, включая сезонные задачи, новые карточки в SBC, эволюции и специальные акции. Он подробно разбирает характеристики новых игроков, их стоимость и эффективность различных Playstyle Plus, а также сравнивает разные версии одних и тех же футболистов.","Блогер доволен общим количеством контента и качеством некоторых новых карточек, особенно отметив бесплатную эволюцию. Однако он критикует высокую стоимость некоторых SBC и отсутствие ключевых характеристик у дорогих игроков.",хорошее сочетание характеристик и стилей игры у некоторых новых карт; качественный дизайн карточек в стиле FIFA 15; выгодная бесплатная эволюция; хорошее соотношение цены и характеристик у некоторых карт,недостаточно подходящие роли для некоторых карт; высокая цена за карту не оправдывает её характеристики; отсутствие важных характеристик или стилей игры; недостаточная физическая сила у некоторых игроков,,https://www.metacritic.com/game/detstvo/,https://video.akamai.steamstatic.com/store_trailers/5007280/1269327039/a3d7978c3a1436ecb78e224e344549af13115b4b/1786975832/hls_264_master.m3u8?t=1786976852,https://www.metacritic.com/a/img/catalog/provider/6/12/6-1-1267098-52.jpg,2026-09-16 15:00
dr-dominoes,DR Dominoes,2026-09-15,,Strategy,Gammes,Gammes,PC,,0,,0,,,,,,,,,,не найден,,,,,,,,,,,поиск не дал подходящих роликов,https://www.metacritic.com/game/dr-dominoes/,https://video.akamai.steamstatic.com/store_trailers/4404610/2115444070/e6080cf32f574925e53987b880d1acbb81fd0e23/1788313801/hls_264_master.m3u8?t=1788318408,https://www.metacritic.com/a/img/catalog/provider/6/12/6-1-1275505-52.jpg,2026-09-15 13:00
daggermap,Daggermap,2026-09-15,,RPG,Apellus,Apellus,PC,,0,,0,,,,,,,,,,не найден,,,,,,,,,,,поиск не дал подходящих роликов,https://www.metacritic.com/game/daggermap/,https://video.akamai.steamstatic.com/store_trailers/5071480/897423191/074d0ffd343acd9c1baeba3f5eb23037b3950675/1787170087/hls_264_master.m3u8?t=1787662933,https://www.metacritic.com/a/img/catalog/provider/6/12/6-1-1275867-52.jpg,2026-09-16 14:00
davy-bones,Davy bones,2026-09-15,,Strategy,Yona games,Yona games,PC,,0,,0,,,,,,,,,,готов,https://www.youtube.com/watch?v=hR6H6BTS8v4,MontyCap,93,21.5,en,Whisper,"Блогер делится впечатлениями от игры Davy bones, отмечая наличие интересных механик, таких как парирование и система азартных игр. Он хвалит озвучку и визуальную составляющую, но также отмечает некоторые сложности в управлении и интерфейсе. В целом, автор игры производит на него положительное впечатление, хотя он и признает наличие пугающих моментов.","Игра Davy bones оставляет приятное впечатление благодаря качественной озвучке и интересным игровым механикам, таким как парирование и азартные игры. Несмотря на некоторые трудности с управлением и интерфейсом, а также наличие пугающих моментов, проект кажется любопытным и визуально приятным.",Качественная озвучка; Наличие механики парирования; Интересная механика азартных игр; Красивая карта; Приятная механика перезарядки,Непонятный интерфейс и отсутствие индикатора здоровья; Сложность навигации и управления; Пугающая атмосфера некоторых моментов,,https://www.metacritic.com/game/davy-bones/,https://video.akamai.steamstatic.com/store_trailers/4916660/196059459/cf1a94c1a6f2328ac266601d3743fe8554cbd409/1785353908/hls_264_master.m3u8?t=1787012306,https://www.metacritic.com/a/img/catalog/provider/6/12/6-1-1272285-52.jpg,2026-09-16 15:00
decide-your-fate,Decide Your Fate,2026-09-16,,First-Person Adventure,Karagoz Studios,Karagoz Studios,PC,,0,,0,,,,,,,,,,готов,https://www.youtube.com/watch?v=ADMezeQlrz8,DangerouslyFunny,184295,34.9,en,Whisper,"В ролике блогер проходит игру Decide Your Fate, уделяя внимание развитию базы, стратегическому планированию и взаимодействию с соседями. Он подробно описывает свои действия по строительству защитных сооружений, управлению ресурсами и использованию различных катастроф для достижения целей.","Блогер получил удовольствие от процесса игры, особенно от возможности разрушать постройки противников и использовать торнадо, несмотря на некоторые замечания по поводу стоимости защиты и нехватки места на острове.","эффективность лучников в бою; Полезная механика маяка, которая удваивает добычу рыбы; Приятная возможность отправлять торнадо другим игрокам; Хорошая возможность для получения ресурсов при атаке; полезная синергия между зданиями","нехватка места на острове для строительства; Высокая стоимость строительства стен; Неочевидная или странная работа некоторых зданий, например, маяка; Рискованность использования башен магов из-за возможности получить собственные катастрофы; недостаточная эффективность защитных башен относительно их высокой стоимости",,https://www.metacritic.com/game/decide-your-fate/,https://video.akamai.steamstatic.com/store_trailers/4655810/2124335621/86ce123277c60622e8922d997fee2e5bfa85bb84/1779895389/hls_264_master.m3u8?t=1779895781,https://www.metacritic.com/a/img/catalog/provider/6/12/6-1-1229696-52.jpg,2026-09-16 11:00
desktop-fidget-spinner,Desktop Fidget Spinner,2026-09-16,,Simulation,SALMON-RAT,SALMON-RAT,PC,,0,,0,,,,,,,,,,не найден,,,,,,,,,,,поиск не дал подходящих роликов,https://www.metacritic.com/game/desktop-fidget-spinner/,https://video.akamai.steamstatic.com/store_trailers/5151030/558641503/18211fdc340e11f1bd7e64ced9d20dd6354edf35/1788415952/hls_264_master.m3u8?t=1788416396,https://www.metacritic.com/a/img/catalog/provider/6/12/6-1-1279774-52.jpg,2026-09-16 11:00
diablo-iv-age-of-hatred-collection,Diablo IV: Age of Hatred Collection,2026-09-15,M,Action RPG,Blizzard Entertainment,Blizzard Entertainment,Nintendo Switch 2,,0,,0,,,,,,,,,,готов,https://www.youtube.com/watch?v=fXIq12Qj76A,PrimeForce ShockRare,12,67.7,en,Whisper,"Блогер начинает прохождение Diablo IV: Age of Hatred Collection, выбрав класс Sorcerer и сложность Expert. В данном ролике он проходит пролог, в ходе которого делится впечатлениями от системы идентификации магических предметов, механики регенерации здоровья и визуальной составляющей игры. Блогер отмечает, что игра визуально приятнее предыдущих частей, но не превосходит их по качеству.","Блогер оценивает Diablo IV как визуально привлекательную игру, однако отмечает ряд технических и геймплейных нюансов, таких как отсутствие регенерации здоровья и изменения в системе идентификации предметов, которые могут вызвать вопросы у поклонников классики.","Визуальное исполнение игры лучше, чем в предыдущих частях; Красивый внешний вид некоторых предметов",Отсутствие регенерации здоровья у персонажа; Неудобная система идентификации магических предметов по сравнению с Diablo I; Ограничение выбора сложности Expert сразу в начале игры,,https://www.metacritic.com/game/diablo-iv-age-of-hatred-collection/,https://cdn.jwplayer.com/players/nOfegqQD.html,,2026-09-16 13:06
diceroll,DiceRoll,2026-09-14,,Roguelike,MuDev,MuDev,PC,,0,,0,,,,,,,,,,не найден,,,,,,,,,,,поиск не дал подходящих роликов,https://www.metacritic.com/game/diceroll/,https://video.akamai.steamstatic.com/store_trailers/5065700/216662425/eb948e3f74edd4eee427b796bf3f8ba1d6f1d1cb/1787839882/hls_264_master.m3u8?t=1787840416,https://www.metacritic.com/a/img/catalog/provider/6/12/6-1-1272680-52.jpg,2026-09-16 19:25
dont-stop-cutting-the-trees,Don't Stop Cutting The Trees!,2026-09-14,,Strategy,Wovley Games,Wovley Games,PC,,0,,0,,,,,,,,,,не найден,,,,,,,,,,,поиск не дал подходящих роликов,https://www.metacritic.com/game/dont-stop-cutting-the-trees/,https://video.akamai.steamstatic.com/store_trailers/5112800/321567858/6e94d3ef2b521501c8f09d57cae5ae152491ce89/1789406299/hls_264_master.m3u8?t=1789406568,https://www.metacritic.com/a/img/catalog/provider/6/12/6-1-1277980-52.jpg,2026-09-16 19:37
dragon-hunter-rpg,Dragon Hunter RPG,2026-09-15,,Action RPG,koganin,kogaGames,PC,,0,,0,,,,,,,,,,не найден,,,,,,,,,,,поиск не дал подходящих роликов,https://www.metacritic.com/game/dragon-hunter-rpg/,,https://www.metacritic.com/a/img/catalog/provider/6/12/6-1-1279241-52.jpg,2026-09-16 11:11
dream-draw-dungeons,Dream Draw Dungeons,2026-09-15,,Action RPG,Vegoya Studio,Vegoya Studio,PC,,0,,0,,,,,,,,,,не найден,,,,,,,,,,,поиск не дал подходящих роликов,https://www.metacritic.com/game/dream-draw-dungeons/,https://video.akamai.steamstatic.com/store_trailers/5067750/701669840/bf7cc1127fe83acfd18b38e4fcc3b4e8681e5e2b/1786231369/hls_264_master.m3u8?t=1786820129,https://www.metacritic.com/a/img/catalog/provider/6/12/6-1-1271463-52.jpg,2026-09-16 14:00
drift-invaders,Drift Invaders,2026-09-14,,Arcade Racing,Zesty Dev,Zesty Dev,PC,,0,,0,,,,,,,,,,не найден,,,,,,,,,,,поиск не дал подходящих роликов,https://www.metacritic.com/game/drift-invaders/,https://video.akamai.steamstatic.com/store_trailers/4825160/1664589916/ee64da117744edf9bc9bcd45ab4fbea1d7f6f2c0/1782307194/hls_264_master.m3u8?t=1787335134,https://www.metacritic.com/a/img/catalog/provider/6/12/6-1-1274149-52.jpg,2026-09-16 19:25
driving-test-simulator,Driving Test Simulator,2026-09-16,,Vehicle Sim,aitchGames,aitchGames,PC,,0,,0,,,,,,,,,,не найден,,,,,,,,,,,поиск не дал подходящих роликов,https://www.metacritic.com/game/driving-test-simulator/,https://video.akamai.steamstatic.com/store_trailers/4034490/1510172472/934b9c659ff1449b57c2b4c44ddc3740847e7d78/1786770599/hls_264_master.m3u8?t=1788338042,https://www.metacritic.com/a/img/catalog/provider/6/12/6-1-1206093-52.jpg,2026-09-16 10:28
dungeons-and-death,Dungeons & Death,2026-09-14,,Action RPG,RatSlayerGames,RatSlayerGames,PC,,0,,0,,,,,,,,,,не найден,,,,,,,,,,,поиск не дал подходящих роликов,https://www.metacritic.com/game/dungeons-and-death/,https://video.akamai.steamstatic.com/store_trailers/5085640/1720353435/079e55f0ae07ce8a7f72f91afec17a7bb3b12ef1/1789402489/hls_264_master.m3u8?t=1789403387,https://www.metacritic.com/a/img/catalog/provider/6/12/6-1-1273202-52.jpg,2026-09-16 19:10
duo-quest,Duo Quest,2026-09-16,,Turn-Based Strategy,1+1 Studios,Rising Tide,PC,,0,,0,,,,,,,,,,готов,https://www.youtube.com/watch?v=jA9S_PZ86h0,CaRtOoNz,149573,84.1,en,Whisper,"В данном ролике блогер вместе с другом проходит Duo Quest, исследуя уникальную систему карточного боя и кооперативные механики. Автор активно обсуждает тактику использования способностей, систему прокачки и взаимодействие персонажей в ходе совместного приключения.","Блогер остался под впечатлением от игры, оценив её как качественный и увлекательный кооперативный проект с крутым геймплеем. Несмотря на периодическое недовольство высокой сложностью и стоимостью ресурсов, автор планирует вернуться к игре после её релиза.",Уникальная механика боя с разделением на режимы; Интересная механика вопросов как части игрового процесса; Удобная и интересная система комбинации карт; Общая крутость и качество игры; Возможность синергии между разными классами персонажей,Высокая сложность и быстрое уменьшение здоровья; Неочевидная или слабая механика некоторых способностей; Неоправданная стоимость получения предметов; Сложность некоторых сражений; Неожиданное или странное поведение некоторых механик,,https://www.metacritic.com/game/duo-quest/,https://video.akamai.steamstatic.com/store_trailers/3572800/1299074130/929af600f93c1ada4c065d8a772c5f34ba0e1b09/1776438396/hls_264_master.m3u8?t=1776438649,https://www.metacritic.com/a/img/catalog/provider/6/12/6-1-1102234-52.jpg,2026-09-16 10:28
emberdeep,EMBERDEEP,2026-09-15,,RPG,Meridian Studios,Meridian Studios,PC,,0,,0,,,,,,,,,,не найден,,,,,,,,,,,uIJyrZGFc9Y: мало речи блогера (0 символов в минуту),https://www.metacritic.com/game/emberdeep/,https://video.akamai.steamstatic.com/store_trailers/5177390/1479377471/f504c04a2f8eff718c01ff80295c188530042517/1787705510/hls_264_master.m3u8?t=1788421388,https://www.metacritic.com/a/img/catalog/provider/6/12/6-1-1280859-52.jpg,2026-09-16 15:00
embrace-the-potato,Embrace The Potato,2026-09-14,,Simulation,AFK Gaming,AFK Gaming,PC,,0,,0,,,,,,,,,,не найден,,,,,,,,,,,поиск не дал подходящих роликов,https://www.metacritic.com/game/embrace-the-potato/,,https://www.metacritic.com/a/img/catalog/provider/6/12/6-1-1278190-52.jpg,2026-09-16 19:37
emo-lisa,Emo Lisa,2026-09-14,,Edutainment,Playshare Ventures S.R.L.,Playshare Ventures S.R.L.,PC,,0,,0,,,,,,,,,,не найден,,,,,,,,,,,поиск не дал подходящих роликов,https://www.metacritic.com/game/emo-lisa/,https://video.akamai.steamstatic.com/store_trailers/5166770/899412430/095b31e0147dd97fa48093e24ecce32fd594e34b/1788097107/hls_264_master.m3u8?t=1788546841,https://www.metacritic.com/a/img/catalog/provider/6/12/6-1-1281430-52.jpg,2026-09-16 19:37
endless-roadtrip,Endless Roadtrip,2026-09-14,,Vehicle Sim,Halfsnow,Halfsnow,PC,,0,,0,,,,,,,,,,не найден,,,,,,,,,,,поиск не дал подходящих роликов,https://www.metacritic.com/game/endless-roadtrip/,https://video.akamai.steamstatic.com/store_trailers/5119900/594668713/f47e81adc9de62bc996396669d5bec272d221fd7/1787845402/hls_264_master.m3u8?t=1788191202,https://www.metacritic.com/a/img/catalog/provider/6/12/6-1-1279446-52.jpg,2026-09-16 19:10
escape-house-of-bonds,Escape! House of Bonds,2026-09-14,,Point-and-Click,UNYAUNYA GAMES,UNYAUNYA GAMES,PC,,0,,0,,,,,,,,,,не найден,,,,,,,,,,,поиск не дал подходящих роликов,https://www.metacritic.com/game/escape-house-of-bonds/,https://video.akamai.steamstatic.com/store_trailers/4719560/1802183344/f886a94a697758c025d5cd4083e65ca42b7c85a0/1787830881/hls_264_master.m3u8?t=1788190381,https://www.metacritic.com/a/img/catalog/provider/6/12/6-1-1279207-52.jpg,2026-09-16 19:37
f-this-job,F*** This Job,2026-09-14,,FPS,Raffine Studio,ARTFX - GAME,PC,,0,,0,,,,,,,,,,не найден,,,,,,,,,,,поиск не дал подходящих роликов,https://www.metacritic.com/game/f-this-job/,,https://www.metacritic.com/a/img/catalog/provider/6/12/6-1-1280867-52.jpg,2026-09-16 19:37
fallen-tear-the-ascension,Fallen Tear: The Ascension,2026-09-16,,Metroidvania,Winter Crew Studios,CMD Studios,PC,,1,,0,,,,,,,,,,готов,https://www.youtube.com/watch?v=woLhpjR_SFo,MythyMoo,18655,19.1,en,Whisper,"Блогер крайне положительно оценивает Fallen Tear: The Ascension, называя игру визуально потрясающей и приятной в управлении. Ему нравится сочетание линейного прогресса с возможностью заниматься охотой и выполнением контрактов. Автор отмечает плавность анимаций, качественный звук и интересные механики взаимодействия с окружением и персонажами.","Блогер в восторге от Fallen Tear: The Ascension, особенно выделяя визуальное исполнение и отзывчивость управления. Игра оставляет очень приятное впечатление благодаря сочетанию классических механик metroidvania с дополнительными системами контрактов и охоты.",Красивый и качественный визуальный стиль; Плавное и приятное управление; Качественная анимация персонажей; Отличная музыка; Удобные и интересные механики взаимодействия,Недостаточное количество здоровья при использовании определенных способностей,,https://www.metacritic.com/game/fallen-tear-the-ascension/,https://cdn.jwplayer.com/players/OmnB2q6E.html,https://www.metacritic.com/a/img/catalog/provider/6/12/6-1-785149-52.jpg,2026-09-16 11:00
false-normality,False Normality,2026-09-15,,First-Person Adventure,Kaan Bartu Bozkurt,Kaan Bartu Bozkurt,PC,,0,,0,,,,,,,,,,не найден,,,,,,,,,,,поиск не дал подходящих роликов,https://www.metacritic.com/game/false-normality/,https://video.akamai.steamstatic.com/store_trailers/4925070/1635058714/d22afce8777641685f160ddb265eb06ce038b47c/1783195408/hls_264_master.m3u8?t=1783684650,https://www.metacritic.com/a/img/catalog/provider/6/12/6-1-1257227-52.jpg,2026-09-16 11:11
football-academy-director,Football Academy Director,2026-09-15,,Soccer Management,Merla Interactive,Merla Interactive,PC,,0,,0,,,,,,,,,,не найден,,,,,,,,,,,поиск не дал подходящих роликов,https://www.metacritic.com/game/football-academy-director/,https://video.akamai.steamstatic.com/store_trailers/4865840/1175180722/8103a9026836910042c82727c5456a8cb7b7ca5d/1786175177/hls_264_master.m3u8?t=1786175879,https://www.metacritic.com/a/img/catalog/provider/6/12/6-1-1251759-52.jpg,2026-09-16 11:11
forty-depths-beneath-knossos-the-minotaurs-maze,Forty Depths Beneath Knossos: The Minotaur's Maze,2026-09-15,,Action Adventure,Troll Hunter Gaming,Troll Hunter Gaming,PC,,0,,0,,,,,,,,,,не найден,,,,,,,,,,,поиск не дал подходящих роликов,https://www.metacritic.com/game/forty-depths-beneath-knossos-the-minotaurs-maze/,https://video.akamai.steamstatic.com/store_trailers/5178700/142485100/22105eecc57e6fd52bba5835d63d0d6dee43ff03/1788912070/hls_264_master.m3u8?t=1788912482,https://www.metacritic.com/a/img/catalog/provider/6/12/6-1-1279626-52.jpg,2026-09-16 14:00
fright-train,Fright Train,2026-09-15,,Survival,WildArts Games,Black Lantern Collective,PC,,0,,0,,,,,,,,,,готов,https://www.youtube.com/watch?v=4GKk7Wdjha4,Keith Ballard,6920,49.5,en,Whisper,"В ролике блогер знакомится с демоверсией Fright Train, исследуя основные игровые механики и системные особенности проекта. Он изучает управление ресурсами, температурный режим, ремонт поезда и систему боевых действий, уделяя внимание деталям взаимодействия с игровым миром.","Блогер считает игру многообещающим системным проектом с элементами roguelike, который может быть увлекательным при условии привыкания к специфическим механикам. Несмотря на технические странности и сложность обучения, общее впечатление от проекта остается положительным и любопытным.",Сходство с Dead Space в плане отсечения конечностей; Интересная идея с системой доставки предметов; Механика перезарядки оружия проработана детально; Наличие системы ремонта и обслуживания поезда; игра обладает потенциалом как системный проект,"неинтуитивная и сложная система смены магазинов и перезарядки; проблемная система инвентаря, которая кажется излишне запутанной и ограничивающей; непонятный интерфейс и отсутствие информации о содержимом сундуков при полном инвентаре; Повторяющиеся действия в обучении кажутся утомительными; непонятные механики взаимодействия с бурей, которые не были четко объяснены в туториалах",,https://www.metacritic.com/game/fright-train/,https://cdn.jwplayer.com/players/fn5Wl1Yo.html,https://www.metacritic.com/a/img/catalog/provider/6/12/6-1-1178374-52.jpg,2026-09-16 13:06
furry-slot,Furry Slot,2026-09-14,,Gambling,Morello,Morello,PC,,0,,0,,,,,,,,,,готов,https://www.youtube.com/watch?v=3ZWYSbo7Gj0,Keith Ballard,4875,50.0,en,Whisper,"В данном ролике блогер знакомство с игрой Furry Slot, представляющей собой необычный эксперимент на стыке механики слота и жанра roguelite. Автор проходит демо-версию игры, исследуя её уникальную динамику и визуальную подачу. На протяжении всего видео он анализирует, как сочетание этих жанров влияет на игровой процесс и сложность.","Общее впечатление блогера от игры смешанное, но интересное: автор ценит стратегическую глубину и крутые визуальные эффекты, однако отмечает значительные технические огрехи и проблемы с интерфейсом. Несмотря на трудности с пониманием описаний способностей, динамика и прогрессия сложности зацепили автора.","Игра требует больше стратегического планирования и навыков, чем кажется на первый взгляд; Возможность находить и использовать закономерности в игровых процессах; Интересная механика использования золота для получения дополнительных бонусов; Впечатляющая визуальная прогрессия и эффекты; Интересный темп игры",Сложность чтения и понимания описаний способностей; Недостаток информации от игры о результатах действий; Непонятная и странная шкала громкости; Недостаток анимаций в текущем состоянии игры; Отсутствие звуковых эффектов при получении предметов,,https://www.metacritic.com/game/furry-slot/,https://video.akamai.steamstatic.com/store_trailers/5080710/888647413/df6089114d501ed7e24966c47187c14f14718905/1787715019/hls_264_master.m3u8?t=1788234098,https://www.metacritic.com/a/img/catalog/provider/6/12/6-1-1279204-52.jpg,2026-09-16 19:25
garage-tidy-up,Garage: Tidy Up!,2026-09-16,,Simulation,Cat Company Limited,Cat Company Limited,PC,,0,,0,,,,,,,,,,готов,https://www.youtube.com/watch?v=18ygbDT7yQs,EnglishGamer38,61,75.0,en,Whisper,"В данном ролике блогер занимается расхламлением, организацией пространства и подготовкой к сборке автомобиля Impala в своей мастерской. Он детально прорабатывает систему хранения запчастей, устанавливает полки и отправляется на свалку за необходимыми компонентами. В процессе игры автор обсуждает технические аспекты проекта, включая использование инструментов, работу модов и специфику управления техникой.","Блогер высоко оценивает глубокие возможности кастомизации и удобную систему организации пространства, однако отмечает наличие технических проблем с производительностью и стабильностью объектов. Общее впечатление положительное, несмотря на некоторые сложности с физикой и управлением.",Наличие инструмента для перемещения объектов упрощает организацию пространства; Возможность создавать собственные этикетки; Удобная система организации пространства; Возможность создания специализированных рабочих зон,"Нестабильность некоторых объектов: некоторые предметы исчезают после перезагрузки сохранения; Исчезновение некоторых предметов; Проблемы с производительностью (лаги); Неудобство управления колесами без специального мода, что приводит к нагрузке на кисть; Проблемы с физикой прицепа, который сильно прыгает при буксировке",,https://www.metacritic.com/game/garage-tidy-up/,https://video.akamai.steamstatic.com/store_trailers/4930980/504903744/b87021fea7827482e3e52c001c44aed382b24453/1787197897/hls_264_master.m3u8?t=1787198755,https://www.metacritic.com/a/img/catalog/provider/6/12/6-1-1273445-52.jpg,2026-09-16 11:00
goddess-must-survive,Goddess Must Survive!,2026-09-16,,Roguelike,Magnos Games,Magnos Games,PC,,0,,0,,,,,,,,,,не найден,,,,,,,,,,,KoeH5IVfYPc: мало речи блогера (19 символов в минуту),https://www.metacritic.com/game/goddess-must-survive/,https://video.akamai.steamstatic.com/store_trailers/5052760/1425853521/b5e5b5066307e0ea487cb09098f6c1b082c8a20c/1789300097/hls_264_master.m3u8?t=1789300740,https://www.metacritic.com/a/img/catalog/provider/6/12/6-1-1272328-52.jpg,2026-09-16 10:43
gray-company,Gray Company,2026-09-15,,Strategy,Meridian Studios,Meridian Studios,PC,,0,,0,,,,,,,,,,готов,https://www.youtube.com/watch?v=LfZOrXtMQbs,RimBrain,34012,28.0,en,Whisper,"В данном ролике блогер знакомится с модом Gray Company для игры RimWorld, начиная с выживания в суровых условиях зимнего биома. Он проходит путь от базового сбора ресурсов и борьбы с враждебными фракциями до освоения сложных боевых механик и системы лечения.","Блогер оценивает игру как глубокий и реалистичный опыт с высоким уровнем погружения, где каждая ошибка может стать фатальной. Несмотря на высокую сложность и необходимость долгого обучения механикам, автор признает, что мод обеспечивает отличный уровень хаоса и интереса.",Наличие системы лутбоксов для получения случайных предметов; Возможность ремонта старых транспортных средств; Наличие системы отображения очков угрозы; Удобная механика быстрого спасения людей с помощью мода; Возможность кастомизации оружия у определенных типов врагов,Недостаточность медицинского оборудования для лечения тяжелых ранений; Низкое качество стартового оружия; Плохое качество лечения из-за отсутствия условий; Неудачное стартовое исследование; Недостаточное количество дней для выращивания культур,,https://www.metacritic.com/game/gray-company/,https://video.akamai.steamstatic.com/store_trailers/5177280/2085608861/11cd9ce0335d69c8b319f09b7c7d0710784d6dd3/1787718410/hls_264_master.m3u8?t=1788421390,https://www.metacritic.com/a/img/catalog/provider/6/12/6-1-1280864-52.jpg,2026-09-16 14:00
green-vs-tan,Green vs Tan,2026-09-15,,Defense,Corkscrew Games,Corkscrew Games,PC,,0,,0,,,,,,,,,,не найден,,,,,,,,,,,поиск не дал подходящих роликов,https://www.metacritic.com/game/green-vs-tan/,https://video.akamai.steamstatic.com/store_trailers/5073020/951339533/d7622d6393e95db492ad3c29069ae6222b7ccd51/1786133477/hls_264_master.m3u8?t=1786636953,https://www.metacritic.com/a/img/catalog/provider/6/12/6-1-1270465-52.jpg,2026-09-16 13:06
grim-wanderings-reborn,Grim Wanderings Reborn,2026-09-14,,Turn-Based Tactics,Ellinia games,Ellinia games,PC,,0,,0,,,,,,,,,,не найден,,,,,,,,,,,поиск не дал подходящих роликов,https://www.metacritic.com/game/grim-wanderings-reborn/,https://video.akamai.steamstatic.com/store_trailers/5079690/1433361775/cd4364c6f1d40416789d3a0c5402efc0e865e27b/1786421842/hls_264_master.m3u8?t=1787025312,https://www.metacritic.com/a/img/catalog/provider/6/12/6-1-1272288-52.jpg,2026-09-16 19:37
helldrop,HELLDROP,2026-09-15,,Vertical Shoot-'Em-Up,Tofu Soup,Tofu Soup,PC,,0,,0,,,,,,,,,,не найден,,,,,,,,,,,d4coh8IoprA: мало речи блогера (87 символов в минуту),https://www.metacritic.com/game/helldrop/,https://video.akamai.steamstatic.com/store_trailers/2942500/903913987/3c681b3f4a3f9a9c904aa6eb19c427630a8f12cb/1771945030/hls_264_master.m3u8?t=1778517638,https://www.metacritic.com/a/img/catalog/provider/6/12/6-1-1144860-52.jpg,2026-09-16 13:06
haunted-shift,Haunted Shift,2026-09-14,,Adventure,HowdyCrocGames,HowdyCrocGames,PC,,0,,0,,,,,,,,,,не найден,,,,,,,,,,,поиск не дал подходящих роликов,https://www.metacritic.com/game/haunted-shift/,https://video.akamai.steamstatic.com/store_trailers/2735030/872303883/4acc9b663d039f5dd100d4f64af685192e9535d9/1786409572/hls_264_master.m3u8?t=1786410268,https://www.metacritic.com/a/img/catalog/provider/6/12/6-1-1127840-52.jpg,2026-09-16 19:10
hearthpiece,Hearthpiece,2026-09-14,,Puzzle,3dGecko GmbH,3dGecko GmbH,PC,,0,,0,,,,,,,,,,не найден,,,,,,,,,,,поиск не дал подходящих роликов,https://www.metacritic.com/game/hearthpiece/,https://video.akamai.steamstatic.com/store_trailers/5016920/453951652/c1ae8f64a26f7f666eae5547feeed4b4ad09ff8f/1789141545/hls_264_master.m3u8?t=1789143670,https://www.metacritic.com/a/img/catalog/provider/6/12/6-1-1265825-52.jpg,2026-09-16 19:25
heroes-suck,Heroes Suck,2026-09-15,,Defense,Dawning Light,Dawning Light,PC,,0,,0,,,,,,,,,,готов,https://www.youtube.com/watch?v=ubqhdfsz4Hk,Akwartz,2196,53.6,fr,Whisper,"В данном ролике блогер знакомится с бета-версией Heroes Suck, представляющей собой смесь Tower Defense, Orcs Must Die и Dungeon Keeper с элементами roguelite. Автор тестирует игровые механики, оценивая удобство управления и систему прогрессии на протяжении двух частей прохождения.","Общее впечатление блогера меняется от положительного к разочарованию: несмотря на интересную концепцию и удобство управления, игра показалась ему посредственной из-за скучного игрового цикла и отсутствия глубины в улучшениях.",Удобное управление камерой и интерфейсом; Удобная механика автоматического перемещения ловушек; Эффективные магические способности; Потенциал для улучшения игры в будущем; Приятные визуальные эффекты молний,Мало взаимодействия и активности между волнами; Скучные и однообразные улучшения ловушек; Слабые характеристики некоторых ловушек; Странная структура прогрессии; Недостаточно глубокие бонусы в дереве навыков,,https://www.metacritic.com/game/heroes-suck/,https://video.akamai.steamstatic.com/store_trailers/2497980/515748454/b3e16b345ab8c381ca0f58ffa30d72652d995a1f/1785262166/hls_264_master.m3u8?t=1785262655,https://www.metacritic.com/a/img/catalog/provider/6/12/6-1-950511-52.jpg,2026-09-16 15:00
hetjas-adventures,Hetja's Adventures,2026-09-15,,3D Platformer,Ricco Games,Ricco Games,PC,,0,,0,,,,,,,,,,не найден,,,,,,,,,,,поиск не дал подходящих роликов,https://www.metacritic.com/game/hetjas-adventures/,https://video.akamai.steamstatic.com/store_trailers/5066660/1124096325/0deb912f4f7be15ed1b88e5a24797486d1a6cf6b/1786106716/hls_264_master.m3u8?t=1786781015,https://www.metacritic.com/a/img/catalog/provider/6/12/6-1-1271658-52.jpg,2026-09-16 11:00
hidden-objects-painted-forest,Hidden Objects Painted Forest,2026-09-16,,Hidden Object,Elisa Jagusch Collins,Elisa Jagusch Collins,PC,,0,,0,,,,,,,,,,не найден,,,,,,,,,,,поиск не дал подходящих роликов,https://www.metacritic.com/game/hidden-objects-painted-forest/,https://video.akamai.steamstatic.com/store_trailers/4979640/783316459/d2f0851f96eef3f328fb4d540c13ccf306138db0/1786841640/hls_264_master.m3u8?t=1788288602,https://www.metacritic.com/a/img/catalog/provider/6/12/6-1-1279611-52.jpg,2026-09-16 10:43
hollow-parish-dead-frequency,Hollow Parish: Dead Frequency,2026-09-16,,Adventure,Bakula Vasiliy,Solo Game Studio,PC,,0,,0,,,,,,,,,,не найден,,,,,,,,,,,поиск не дал подходящих роликов,https://www.metacritic.com/game/hollow-parish-dead-frequency/,https://video.akamai.steamstatic.com/store_trailers/5185220/1546913123/7d773c93536054e967466674b75c21fdddfac90a/1788039836/hls_264_master.m3u8?t=1788468141,https://shared.akamai.steamstatic.com/store_item_assets/steam/apps/5185220/4b3e33457ee0a7e8f5048d364b7f2ffdd736689c/header.jpg?t=1788527564,2026-09-16 10:43
hoodie-havoc,Hoodie Havoc,2026-09-16,,Adventure,KJames,KJames,PC,,0,,0,,,,,,,,,,не найден,,,,,,,,,,,поиск не дал подходящих роликов,https://www.metacritic.com/game/hoodie-havoc/,https://video.akamai.steamstatic.com/store_trailers/4053350/1559679362/801e7311b8866e48da167104415860b6d2b62f29/1785492331/hls_264_master.m3u8?t=1785492913,https://www.metacritic.com/a/img/catalog/provider/6/12/6-1-1168660-52.jpg,2026-09-16 10:28
in-the-vroms-in-clones,In The Vroms In Clones,2026-09-14,,First-Person Adventure,Lucas Jardeu,Lucas Jardeu,PC,,0,,0,,,,,,,,,,не найден,,,,,,,,,,,поиск не дал подходящих роликов,https://www.metacritic.com/game/in-the-vroms-in-clones/,https://video.akamai.steamstatic.com/store_trailers/5151890/125818854/68c186ce722adc3856b41abab5094a54bdde9925/1787300652/hls_264_master.m3u8?t=1788230660,https://www.metacritic.com/a/img/catalog/provider/6/12/6-1-1279089-52.jpg,2026-09-16 19:10
infinite-music-game,Infinite Music Game,2026-09-14,,Rhythm,Kiyo Arts,Kiyo Arts,PC,,0,,0,,,,,,,,,,не найден,,,,,,,,,,,поиск не дал подходящих роликов,https://www.metacritic.com/game/infinite-music-game/,https://video.akamai.steamstatic.com/store_trailers/5153850/460795033/33a47cefafa9f5b60055fed02e8b57f803082f51/1788496325/hls_264_master.m3u8?t=1788497420,https://www.metacritic.com/a/img/catalog/provider/6/12/6-1-1279647-52.jpg,2026-09-16 19:37
jacks-achievements-simulator-dog-and-lava,Jack's Achievements Simulator: Dog & Lava,2026-09-14,,Simulation,Fortcomp,Fortcomp,PC,,0,,0,,,,,,,,,,не найден,,,,,,,,,,,поиск не дал подходящих роликов,https://www.metacritic.com/game/jacks-achievements-simulator-dog-and-lava/,https://video.akamai.steamstatic.com/store_trailers/5060460/1228313637/42ed36b5cc227a375b0e9b17941d17058ee480af/1788889179/hls_264_master.m3u8?t=1788889250,https://www.metacritic.com/a/img/catalog/provider/6/12/6-1-1276452-52.jpg,2026-09-16 19:10
jettfuel-plus,JettFuel+,2026-09-15,,3D Platformer,Clinternet,Clinternet,PC,,0,,0,,,,,,,,,,готов,https://www.youtube.com/watch?v=wuTBd9p8eRI,NivPlaysIndieGames,98,10.5,en,Whisper,"Блогер делится впечатлениями от демоверсии JettFuel+, отмечая, что игра довольно милая и в неё можно поиграть, когда скучно. Он упоминает визуальное сходство некоторых элементов с классическими играми, такими как Sonic и Safari 64. В целом, блогер оценивает игру положительно, хотя и признает наличие моментов с запутанным управлением или неожиданными препятствиями.","JettFuel+ — это милая инди-игра с приятным визуальным стилем, которая хорошо подходит для отдыха. Несмотря на некоторые странности в дизайне уровней и механиках, она оставляет приятное впечатление.",Милая графика; Приятно играть в свободное время,"Неочевидные механики и опасные платформы; Сложность понимания того, как взаимодействовать с объектами",,https://www.metacritic.com/game/jettfuel-plus/,https://video.akamai.steamstatic.com/store_trailers/4921830/1211081784/e6499cfcb5dee35b52865dcb7656426f6abd0957/1789525941/hls_264_master.m3u8?t=1789526271,https://www.metacritic.com/a/img/catalog/provider/6/12/6-1-1255899-52.jpg,2026-09-16 11:11
jigsaw-diorama-the-alchemist-and-the-eclipse,Jigsaw Diorama: The Alchemist and the Eclipse,2026-09-15,,Puzzle,Base Metal Games Inc.,Base Metal Games Inc.,PC,,0,,0,,,,,,,,,,не найден,,,,,,,,,,,поиск не дал подходящих роликов,https://www.metacritic.com/game/jigsaw-diorama-the-alchemist-and-the-eclipse/,https://video.akamai.steamstatic.com/store_trailers/4861620/2069960264/ba654635905757ecbe79858073ccfd9f8942937f/1781993088/hls_264_master.m3u8?t=1782672913,https://www.metacritic.com/a/img/catalog/provider/6/12/6-1-1252935-52.jpg,2026-09-16 15:00
joker-master,Joker Master,2026-09-14,,Card Battle,QuantumAI Solution,QuantumAI Solution,PC,,0,,0,,,,,,,,,,не найден,,,,,,,,,,,поиск не дал подходящих роликов,https://www.metacritic.com/game/joker-master/,https://video.akamai.steamstatic.com/store_trailers/5020530/2008796288/e4996d6edbd763d12390ef2f713da41f968402d9/1786415692/hls_264_master.m3u8?t=1787012570,https://www.metacritic.com/a/img/catalog/provider/6/12/6-1-1271868-52.jpg,2026-09-16 19:10
jule,Jule,2026-09-15,,Turn-Based Strategy,Teemetal Game Studio,Forestier Software,PC,,0,,0,,,,,,,,,,готов,https://www.youtube.com/watch?v=xMZZCG2qV5Q,Nadia Vya,31064,11.8,id,Whisper,"Блогер делится своими впечатлениями от прохождения Jule tower в Roblox. Основное внимание в ролике уделяется персонажу Jule, который вызывает у автора сильное раздражение и даже чувство преследования. Блогер описывает игру как крайне пугающую и сложную, отмечая специфическую атмосферу и визуальные решения.","Блогер считает Jule tower самым ужасным и пугающим испытанием из тех, что он проходил. Несмотря на то, что использование определенных предметов упрощает процесс, игра оставляет крайне негативные эмоции из-за раздражающего персонажа, сложной механики времени и пугающей атмосферы.",Наличие специальных предметов (coil) значительно облегчает прохождение,Игра вызывает сильное чувство тревоги и страха; Слишком высокая сложность и ограниченное время на прохождение; Неудачные визуальные решения и цветовая гамма; Навязчивый и раздражающий персонаж Jule; Пугающая музыка,,https://www.metacritic.com/game/jule/,https://video.akamai.steamstatic.com/store_trailers/5138760/1244353883/b028c187f7d78d172eddc9e0de5873c03cb6495c/1787216467/hls_264_master.m3u8?t=1788251618,https://www.metacritic.com/a/img/catalog/provider/6/12/6-1-1279139-52.jpg,2026-09-16 11:00
jumpy-vs-chompy,Jumpy vs. Chompy,2026-09-14,,2D Platformer,Hu Ping,Hu Ping,PC,,0,,0,,,,,,,,,,не найден,,,,,,,,,,,поиск не дал подходящих роликов,https://www.metacritic.com/game/jumpy-vs-chompy/,https://video.akamai.steamstatic.com/store_trailers/3238910/898543581/0371966bd5104326a78920a7775bafa44bc01256/1786953482/hls_264_master.m3u8?t=1787360184,https://www.metacritic.com/a/img/catalog/provider/6/12/6-1-1275202-52.jpg,2026-09-16 19:10
knuckle-jet,Knuckle Jet,2026-09-15,,2D Platformer,Rain Games,Rain Games,PC,,1,,0,"Критики отмечают, что процесс прохождения уровней с использованием механик перемещения и сражений ощущается отлично; В отзывах встречается мнение, что проект является достойной работой студии","Критики указывают на частые прерывания динамики игры, которые мешают сохранять темп","В выборке представлен лишь один отзыв, который характеризует игру как качественный продукт с приятными механиками, однако критикует её за периодические сбои в динамике геймплея.",1 из 1,,,,,gemma-4-12b-it-qat,готов,https://www.youtube.com/watch?v=LJZ5vaKItZk,nygelplays,7,36.4,pt,Whisper,"Блогер делится впечатлениями от демоверсии игры Knuckle Jet, отмечая технические сложности и специфику геймплея. Основное внимание уделяется проблемам производительности на его компьютере, работе управления и визуальному стилю игры. Блогер сравнивает проект с другой игрой, отмечая различия в качестве графики и цене, а также делится мыслями о структуре миссий и атмосфере игры.","Блогер отмечает, что игра обладает приятной музыкой и хорошим визуальным стилем, однако он крайне недоволен техническим состоянием проекта. Игра часто зависает, имеет проблемы с загрузкой кат-сцен и некорректно работает с управлением. Также автор указывает на однообразие миссий и сравнительно низкое качество графики относительно стоимости.",Хорошая музыка; Качественный визуальный стиль и сценарий; Красивый сценарий,Плохая оптимизация и технические проблемы; Проблемы с управлением; Слабая графика по сравнению с конкурентами; Однообразные миссии,,https://www.metacritic.com/game/knuckle-jet/,https://video.akamai.steamstatic.com/store_trailers/3199470/1852790525/02eaf890ebf79b7579095a94f691320355eecaa6/1787594058/hls_264_master.m3u8?t=1787752358,https://www.metacritic.com/a/img/catalog/provider/6/12/6-1-1105466-52.jpg,2026-09-16 13:06
liminal-sorting,LIMINAL SORTING,2026-09-16,,Simulation,Silly Cat,Silly Cat,PC,,0,,0,,,,,,,,,,не найден,,,,,,,,,,,поиск не дал подходящих роликов,https://www.metacritic.com/game/liminal-sorting/,https://video.akamai.steamstatic.com/store_trailers/5088450/547863226/beb73a221b3ce57d74097d7077f24f67da0d36ec/1788472774/hls_264_master.m3u8?t=1788473438,https://shared.akamai.steamstatic.com/store_item_assets/steam/apps/5088450/2694a82d7a27bfb120347e733859edc84d978434/header.jpg?t=1789476846,2026-09-16 10:43
look-to-the-birds,Look to the Birds,2026-09-15,,First-Person Adventure,Soltorch Games,Soltorch Games,PC,,0,,0,,,,,,,,,,не найден,,,,,,,,,,,поиск не дал подходящих роликов,https://www.metacritic.com/game/look-to-the-birds/,https://video.akamai.steamstatic.com/store_trailers/4162670/756205572/11196d1c3e19c26ff157a9c000d8276b56ebf798/1765471355/hls_264_master.m3u8?t=1765640047,https://www.metacritic.com/a/img/catalog/provider/6/12/6-1-1189751-52.jpg,2026-09-16 15:00
lucent,Lucent,2026-09-16,,Logic Puzzle,kinguinpenguin,kinguinpenguin,PC,,0,,0,,,,,,,,,,готов,https://www.youtube.com/watch?v=HKemaTLBSyY,FRESHY,40720,16.6,en,Whisper,"Блогер демонстрирует процесс масштабного улучшения экипировки в Throne and Liberty, потратив 37 000 Lucent и более 20 миллионов золота. Он подробно объясняет механики накопления и передачи «благословения» (blessing) для гарантированного улучшения характеристик, а также показывает процесс улучшения различных предметов (оружия, шлема, нагрудника, перчаток, сапог, плаща, колец и браслетов). Блогер отмечает высокую стоимость некоторых предметов и подчеркивает, что для полной прокачки персонажа требуются значительные затраты ресурсов.","Блогер показывает, что Throne and Liberty может быть довольно затратным проектом, где для полноценного улучшения экипировки требуются большие ресурсы. Несмотря на наличие системы накопления благословения для гарантированных улучшений, стоимость топовых предметов и характеристик остается высокой.",Удачное выпадение нужной характеристики при крафте оружия; Возможность бесконечного накопления благословения через неудачные улучшения; Удачное получение нужных характеристик на кольце,Высокая стоимость некоторых предметов на рынке; Неудачное выпадение характеристик при открытии сундуков; Неудачное выпадение предмета в качестве дропа; Высокая стоимость некоторых синих характеристик по сравнению с фиолетовыми,,https://www.metacritic.com/game/lucent/,https://video.akamai.steamstatic.com/store_trailers/5178670/1889890082/9f8bdb3d05fd416f90021d15710f3e975d3ced81/1787835082/hls_264_master.m3u8?t=1788409986,https://shared.akamai.steamstatic.com/store_item_assets/steam/apps/5178670/1ce31cbb49d9d9280e240dfae562d65ffd80ae75/header.jpg?t=1789569821,2026-09-16 10:43
monowave,MONOWAVE,2026-09-16,,2D Platformer,Studio BBB,Studio BBB,PC,,0,,0,,,,,,,,,,готов,https://www.youtube.com/watch?v=m_-kJOGEawQ,Nookrium,1238,93.9,en,Whisper,"В ролике блогер знакомится с MONOWAVE — необычным пазл-платформером, где прохождение основано на управлении эмоциями персонажа. Автор исследует, как разные чувства меняют способности героя, динамику музыки и взаимодействие с окружающим миром. Блогер проходит демоверсию игры, оценивая креативные идеи и уникальные механики проекта.","Блогер остался под приятным впечатлением от MONOWAVE, назвав её оригинальным и забавным проектом с отличным саундтреком. Несмотря на порой запутанные механики и сложные тайминги, автор высоко оценил уникальную концепцию управления эмоциями.",Хорошее качество музыки; Интересная механика использования эмоций для решения пазлов; Музыка меняется в зависимости от текущей эмоции персонажа; Возможность влиять на эмоции окружающих животных; Наличие системы подсказок при выполнении условий,Неочевидные решения и запутанность механик; Сложность таймингов из-за задержки прыжка в тумане; Сложность некоторых уровней,,https://www.metacritic.com/game/monowave/,https://video.akamai.steamstatic.com/store_trailers/2680440/1504504816/4ce47eb166709d5201060a531c1a38593ab854c7/1789568722/hls_264_master.m3u8?t=1789570535,https://www.metacritic.com/a/img/catalog/provider/7/2/7-1789512606.jpg,2026-09-16 11:00
mai-trang,Mai Trang,2026-09-14,,Adventure,Chuongcc,Chuongcc,PC,,0,,0,,,,,,,,,,готов,https://www.youtube.com/watch?v=L5OZjSCy0Ic,Minh Không Béo,378,75.2,vi,Whisper,"Блогер делится впечатлениями от прохождения игры Mai Trang, отмечая, что это не типичный хоррор, а скорее история о семейных тайнах. Он отмечает наличие мини-игр и систему выбора диалогов, однако указывает на отсутствие фоновой музыки в определенных сценах. Блогер отмечает, что игра является дебютным проектом разработчика, что объясняет некоторые особенности исполнения.","Mai Trang — это необычный проект, который фокусируется на семейных драмах и выборе, а не на стандартных скримерах. Несмотря на технические огрехи и отсутствие музыки в некоторых моментах, игра вызывает интерес своей атмосферой и проработкой персонажей.","Интересная концепция игры, которая отличается от обычных хорроров; Положительная оценка игры как дебютного проекта разработчика",Отсутствие фоновой музыки в некоторых сценах; Неудобное управление мышью; Технические проблемы с запуском игры,,https://www.metacritic.com/game/mai-trang/,https://video.akamai.steamstatic.com/store_trailers/5080490/767392900/2b68e054316ee13911d41c606bdbd681ae2f1121/1786219309/hls_264_master.m3u8?t=1787564642,https://www.metacritic.com/a/img/catalog/provider/6/12/6-1-1275784-52.jpg,2026-09-16 19:25
mars-2099,Mars 2099,2026-09-16,,Action,Bramhed Studio,Bramhed Studio,PC,,0,,0,,,,,,,,,,не найден,,,,,,,,,,,gn8607ULAaU: в ролике нет мнения блогера об игре; LZSHJM61FDU: мало речи блогера (27 символов в минуту),https://www.metacritic.com/game/mars-2099/,https://video.akamai.steamstatic.com/store_trailers/4953340/961388267/a74cd38af743b683cc0fd89fb732f3d8327a35de/1783958832/hls_264_master.m3u8?t=1784534668,https://www.metacritic.com/a/img/catalog/provider/6/12/6-1-1260543-52.jpg,2026-09-16 10:43
masonshaven,MasonsHaven,2026-09-14,,Sandbox,Haegil46,Haegil46,PC,,0,,0,,,,,,,,,,не найден,,,,,,,,,,,поиск не дал подходящих роликов,https://www.metacritic.com/game/masonshaven/,,https://www.metacritic.com/a/img/catalog/provider/6/12/6-1-1279367-52.jpg,2026-09-16 19:10
medieval-juice-crafter,Medieval Juice Crafter,2026-09-15,,Virtual Career,Timeless Rush,Grab The Games,PC,,0,,0,,,,,,,,,,готов,https://www.youtube.com/watch?v=hIxDlGbO3qc,FloppySims,11588,56.7,en,Whisper,"В ролике блогер знакомится с процессом создания напитков в Medieval Juice Crafter, где ему предстоит взаимодействовать с оборудованием и выполнять задания жителей. Автор показывает путь от первых шагов в производстве соков до работы с клиентами и отслеживания персонажей на карте.","Общее впечатление блогера смешанное: несмотря на приятную механику производства и визуально аппетитные напитки, игра показалась ему медленной, монотонной и сложной в управлении из-за запутанных механик смешивания ингредиентов.",Приятная механика производства соков; Наличие системы отслеживания персонажей на карте; Наличие в игре чаек; Напитки выглядят аппетитно; Удобный поиск клиентов,Сложность и непонятная механика смешивания соков; Неудобный интерфейс или ошибки управления; Неочевидное расположение нужных объектов; Медленный темп игры; Наличие лагов в игре,,https://www.metacritic.com/game/medieval-juice-crafter/,https://video.akamai.steamstatic.com/store_trailers/4668870/1351140076/5ff7e9113b719d215b43759eee826347a1cdc9f3/1777035197/hls_264_master.m3u8?t=1777356460,https://www.metacritic.com/a/img/catalog/provider/6/12/6-1-1231454-52.jpg,2026-09-16 14:00
melaka-1511-the-malay-chronicles-before-the-storm,Melaka 1511: The Malay Chronicles - Before The Storm,2026-09-16,,Adventure,Syahir Bahiran Hilmi,MULTIPDPKIT,PC,,0,,0,,,,,,,,,,не найден,,,,,,,,,,,поиск не дал подходящих роликов,https://www.metacritic.com/game/melaka-1511-the-malay-chronicles-before-the-storm/,https://video.akamai.steamstatic.com/store_trailers/5132570/847393144/5c3be242ce4bb4e51e05ad41215dbc00f029ee57/1788656379/hls_264_master.m3u8?t=1788657357,https://www.metacritic.com/a/img/catalog/provider/6/12/6-1-1279107-52.jpg,2026-09-16 10:43
midnight-news-report,Midnight News Report,2026-09-16,,Survival,Lunarbound Games,Lunarbound Games,PC,,0,,0,,,,,,,,,,не найден,,,,,,,,,,,поиск не дал подходящих роликов,https://www.metacritic.com/game/midnight-news-report/,https://video.akamai.steamstatic.com/store_trailers/4894100/1958856640/d0b4c2c3d6f7f8078689f824502e61c9bd4d8717/1783447653/hls_264_master.m3u8?t=1783448023,https://www.metacritic.com/a/img/catalog/provider/6/12/6-1-1256024-52.jpg,2026-09-16 10:43
might-and-poison-mushroom,Might & Poison Mushroom,2026-09-15,,Real-Time Tactics,GooloolooGames,Erabit,PC,,0,,0,,,,,,,,,,не найден,,,,,,,,,,,поиск не дал подходящих роликов,https://www.metacritic.com/game/might-and-poison-mushroom/,https://video.akamai.steamstatic.com/store_trailers/4991340/1564741129/0bf2b81db0df34df0420aead6cf7922df70b63a0/1788317101/hls_264_master.m3u8?t=1788317524,https://www.metacritic.com/a/img/catalog/provider/6/12/6-1-1275878-52.jpg,2026-09-16 13:06
mixed-spirits-bartender,Mixed Spirits: Bartender,2026-09-15,,Virtual Career,Rogue Duck Interactive,Rogue Duck Interactive,PC,,0,,0,,,,,,,,,,готов,https://www.youtube.com/watch?v=P64GBcdU6N0,Stuff+,885,56.5,en,Whisper,"В ролике блогер знакомится с демоверсией Mixed Spirits: Bartender, в которой игроку предстоит работать миксологом, соблюдая пропорции и вкусовые профили напитков. Автор оценивает глубину симуляции, систему прогрессии, механику подготовки ингредиентов и социальные функции игры. Блогер подробно рассматривает игровой процесс, отмечая динамику и визуальное оформление проекта.","Блогер крайне доволен Mixed Spirits: Bartender, считая её значительно более проработанной и содержательной по сравнению с аналогичными проектами в жанре. Несмотря на некоторые странности в управлении, интерфейсе и отдельных мини-играх, автор планирует ознакомиться с полной версией игры.",Разнообразие рецептов и вкусовых сочетаний; Интересная и увлекательная тематика игры; Наличие физически симулированного льда; Возможность фильтрации ингредиентов; Динамическое изменение внешнего вида напитка,Непонятный интерфейс или функции некоторых элементов; Не очень интересная мини-игра по измельчению соли; Неудобное управление при попытке перетащить стакан; Странная механика дробления ингредиентов,,https://www.metacritic.com/game/mixed-spirits-bartender/,https://video.akamai.steamstatic.com/store_trailers/3891400/1753902742/9b1b6b691478b7f2d05ce93c13d84bb90807fdc7/1788700119/hls_264_master.m3u8?t=1788700624,https://www.metacritic.com/a/img/catalog/provider/6/12/6-1-1151530-52.jpg,2026-09-16 13:06
monky-os,Monky OS,2026-09-14,,Strategy,Monky Gaming Community,Monky Gaming Community,PC,,0,,0,,,,,,,,,,не найден,,,,,,,,,,,поиск не дал подходящих роликов,https://www.metacritic.com/game/monky-os/,https://video.akamai.steamstatic.com/store_trailers/5147390/662288880/cca7ae5f62b09f76ca2f0c115006e2fd4b3e05ce/1787423505/hls_264_master.m3u8?t=1788182225,https://www.metacritic.com/a/img/catalog/provider/6/12/6-1-1279205-52.jpg,2026-09-16 19:25
moonwrought-bastion,Moonwrought Bastion,2026-09-14,,Action,Moonwrought Games,Moonwrought Games,PC,,0,,0,,,,,,,,,,не найден,,,,,,,,,,,поиск не дал подходящих роликов,https://www.metacritic.com/game/moonwrought-bastion/,https://video.akamai.steamstatic.com/store_trailers/5112240/1899454617/f7ccf257e643043e6ae4428e034c61bc222642b9/1787707190/hls_264_master.m3u8?t=1788222524,https://www.metacritic.com/a/img/catalog/provider/6/12/6-1-1279613-52.jpg,2026-09-16 19:25
my-fishing-world-2,My Fishing World 2,2026-09-14,,Fishing,Huaxing,Huaxing,PC,,0,,0,,,,,,,,,,не найден,,,,,,,,,,,поиск не дал подходящих роликов,https://www.metacritic.com/game/my-fishing-world-2/,,https://www.metacritic.com/a/img/catalog/provider/6/12/6-1-1260063-52.jpg,2026-09-16 19:10
neko-neko-shop,Neko Neko Shop,2026-09-15,,Simulation,KOZYEZ,Monkey Cube,PC,,0,,0,,,,,,,,,,не найден,,,,,,,,,,,поиск не дал подходящих роликов,https://www.metacritic.com/game/neko-neko-shop/,https://video.akamai.steamstatic.com/store_trailers/5129240/1770835915/dc707bcfefe6cd5a366265cfd6f3099c6cc159f5/1787101294/hls_264_master.m3u8?t=1787578885,https://www.metacritic.com/a/img/catalog/provider/6/12/6-1-1275861-52.jpg,2026-09-16 14:00
neon-dodge,Neon Dodge,2026-09-15,,Arcade,Mavixen,Mavixen,PC,,0,,0,,,,,,,,,,готов,https://www.youtube.com/watch?v=58myyVWF0WI,Majoindies,31,17.6,es,Whisper,"Блогер делится впечатлениями от игры Neon Dodge, которую он решил протестировать по рекомендации из Twitter. Он отмечает, что игра очень динамичная, яркая и обладает множеством различных механик на каждом уровне. Несмотря на то, что игра может вызвать легкое головокружение из-за высокой скорости, блогер считает её очень увлекательной и оригинальной. Он особенно выделяет разнообразие игровых элементов и то, что игра является испанским инди-проектом.","Блогер в восторге от Neon Dodge, называя её очень крутой и интересной игрой. Он хвалит визуальный стиль и разнообразие механик, а также отмечает, что игра отлично подходит для тех, кто любит быстрые аркадные испытания.",игра очень красивая; оригинальные и разнообразные механики; увлекательный игровой процесс; удобная механика прохождения уровней,высокая сложность запоминания всех действий; игра может вызывать головокружение,,https://www.metacritic.com/game/neon-dodge/,https://video.akamai.steamstatic.com/store_trailers/3666410/190688531/f703cc83705c2eca1b521d99ae33f96e2baada0d/1789472090/hls_264_master.m3u8?t=1789472472,https://www.metacritic.com/a/img/catalog/provider/6/12/6-1-1174860-52.jpg,2026-09-16 13:06
no-away-from-keyboard,No Away From Keyboard,2026-09-15,,Simulation,KNOVA,KNOVA,PC,,0,,0,,,,,,,,,,не найден,,,,,,,,,,,поиск не дал подходящих роликов,https://www.metacritic.com/game/no-away-from-keyboard/,https://video.akamai.steamstatic.com/store_trailers/5069090/1277031338/34b12a0a75e4c2761165139de548d3ce2b922278/1787503396/hls_264_master.m3u8?t=1788268444,https://www.metacritic.com/a/img/catalog/provider/6/12/6-1-1279316-52.jpg,2026-09-16 11:00
no-fly-zone,No Fly Zone,2026-09-14,,Aircraft Combat Sim,Softlookup,Softlookup,PC,,0,,0,,,,,,,,,,не найден,,,,,,,,,,,среди роликов нет летсплеев,https://www.metacritic.com/game/no-fly-zone/,https://video.akamai.steamstatic.com/store_trailers/5199610/270175633/d556a8cf8e4a107b0fdf3fb5be716a75131d4b0b/1788292530/hls_264_master.m3u8?t=1789152165,https://www.metacritic.com/a/img/catalog/provider/6/12/6-1-1283771-52.jpg,2026-09-16 19:37
no-quarter,No Quarter,2026-09-15,,Open-World Action,BallsaurDev,BallsaurDev,PC,,0,,0,,,,,,,,,,готов,https://www.youtube.com/watch?v=PDIj_A6dtBY,Jess,43,40.0,en,Whisper,"Блогер представляет свою игру No Quarter для системы Atari 2600, вдохновленную Money Wars. Он описывает процесс разработки, технические ограничения компилятора Batari Basic и свои творческие задачи. В ролике автор делится впечатлениями от финального состояния проекта, сравнивает его с предыдущими работами и обсуждает влияние классических японских игр на свой стиль дизайна. Также блогер подробно рассуждает о технических нюансах реализации графики и механик на ограниченном железе.","Автор гордится результатом работы над No Quarter, отмечая значительный прогресс в качестве исполнения по сравнению со своими прошлыми проектами. Несмотря на жесткие технические ограничения Atari 2600 и Batari Basic, ему удалось создать функциональную игру с достойной графикой и продуманными деталями, такими как плавность движения объектов и визуальные эффекты.","Игра получилась качественнее предыдущего проекта автора; Графика в игре значительно лучше, чем в предыдущей работе автора; Наличие версии игры в 4K обеспечивает хорошую визуальную составляющую",Технические ограничения системы и компилятора не позволили реализовать первоначальный план; Невозможность реализовать дробное движение объектов из-за особенностей системы; Необходимость использования бинарно-совместимых десятичных чисел для счета очков,,https://www.metacritic.com/game/no-quarter/,https://video.akamai.steamstatic.com/store_trailers/4899600/911267766/741587afcc9513563271d16fde3f57f226d6d77b/1786671477/hls_264_master.m3u8?t=1786671809,https://www.metacritic.com/a/img/catalog/provider/6/12/6-1-1267119-52.jpg,2026-09-16 11:11
of-nooks-and-nonsense-a-pirate-hidden-object-game,Of Nooks and Nonsense: A Pirate Hidden Object Game,2026-09-14,,Hidden Object,Weird Pumpkins Studios,Weird Pumpkins Studios,PC,,0,,0,,,,,,,,,,не найден,,,,,,,,,,,поиск не дал подходящих роликов,https://www.metacritic.com/game/of-nooks-and-nonsense-a-pirate-hidden-object-game/,https://video.akamai.steamstatic.com/store_trailers/4699670/1756114699/698bf349bec82fc1f1a296c429b4a83a8ccc1b96/1787605878/hls_264_master.m3u8?t=1787606119,https://www.metacritic.com/a/img/catalog/provider/6/12/6-1-1234727-52.jpg,2026-09-16 19:10
old-market-restored,Old Market Restored,2026-09-16,,Hidden Object,Alcedo Games,Alcedo Games,PC,,0,,0,,,,,,,,,,не найден,,,,,,,,,,,поиск не дал подходящих роликов,https://www.metacritic.com/game/old-market-restored/,https://video.akamai.steamstatic.com/store_trailers/4986890/1375760705/cdda63b2a9b5a20167752d7d44d98b07f0e49db3/1784811648/hls_264_master.m3u8?t=1789557151,https://www.metacritic.com/a/img/catalog/provider/6/12/6-1-1262952-52.jpg,2026-09-16 11:00
once-before-us,Once Before Us,2026-09-15,,First-Person Adventure,Palindrome Games,Palindrome Games,PC,,0,,0,,,,,,,,,,не найден,,,,,,,,,,,поиск не дал подходящих роликов,https://www.metacritic.com/game/once-before-us/,https://video.akamai.steamstatic.com/store_trailers/3849930/1707328887/0f9186e8c1d131e7136ce7191db395573ccddad4/1788085437/hls_264_master.m3u8?t=1788086957,https://www.metacritic.com/a/img/catalog/provider/6/12/6-1-1142485-52.jpg,2026-09-16 13:06
oops-youre-the-hero,Oops! You're the Hero!,2026-09-15,,Action Adventure,Artificium Games,Artificium Games,PC,,0,,0,,,,,,,,,,не найден,,,,,,,,,,,поиск не дал подходящих роликов,https://www.metacritic.com/game/oops-youre-the-hero/,https://video.akamai.steamstatic.com/store_trailers/3166160/1355826523/b8871f87331030e1481e3eec5d95ea87b2f2658e/1788998411/hls_264_master.m3u8?t=1788998560,https://www.metacritic.com/a/img/catalog/provider/6/12/6-1-1054708-52.jpg,2026-09-16 13:06
out-of-range,Out of Range,2026-09-14,,Top-Down Shoot-'Em-Up,Yoho Games,Yoho Games,PC,,0,,0,,,,,,,,,,готов,https://www.youtube.com/watch?v=9dSWbUpmfHI,QaizherOnline,59,35.8,en,Whisper,"Блогер делится впечатлениями от раннего билда игры Out of Range, описывая её как пазл-физик. Он отмечает сложность управления и взаимодействия с объектами, а также периодически выражает замешательство из-за не всегда понятных механик и интерфейса.","Блогер отмечает, что Out of Range — это довольно сложная физическая головоломка с непростым управлением. Несмотря на технические трудности и порой запутанные механики, он находит процесс решения задач интересным.",Использование захвата объектов позволяет точно перемещать их; Механика притяжения в определенных зонах упрощает задачу; Удобство использования функции притяжения вместо веревки; Понятное изменение управления при использовании веревки; Удобство фиксации проводов на поверхности,Сложность управления и физики игры; Неудобные или непонятные элементы управления; Непонятный интерфейс и индикаторы; Сложность взаимодействия с тяжелыми объектами; Неочевидные способы решения задач,,https://www.metacritic.com/game/out-of-range/,https://video.akamai.steamstatic.com/store_trailers/5114230/1263558021/b3a5f5a3031650764dc53a34f967d7536adadd50/1786797899/hls_264_master.m3u8?t=1788206085,https://www.metacritic.com/a/img/catalog/provider/6/12/6-1-1279173-52.jpg,2026-09-16 19:25
panchito-delivery-project-elevator,Panchito Delivery: Project Elevator,2026-09-16,,First-Person Adventure,Pigeon-G,Pigeon-G,PC,,0,,0,,,,,,,,,,не найден,,,,,,,,,,,поиск не дал подходящих роликов,https://www.metacritic.com/game/panchito-delivery-project-elevator/,https://video.akamai.steamstatic.com/store_trailers/5153100/66527883/c191414a56327b51f1a9929ca350d479659a752a/1787574227/hls_264_master.m3u8?t=1788431113,https://www.metacritic.com/a/img/catalog/provider/6/12/6-1-1280613-52.jpg,2026-09-16 10:43
paratopic-overdub,Paratopic: Overdub,2026-09-16,,First-Person Adventure,Arbitrary Metric,Serenity Forge,PC,,0,,0,,,,,,,,,,не найден,,,,,,,,,,,поиск не дал подходящих роликов,https://www.metacritic.com/game/paratopic-overdub/,https://video.akamai.steamstatic.com/store_trailers/3781550/1719926797/c4aa71cfbe4a9662fe55deb565f93f8cf9a36fe8/1784135146/hls_264_master.m3u8?t=1784225702,https://www.metacritic.com/a/img/catalog/provider/6/12/6-1-1130425-52.jpg,2026-09-16 10:28
pawmart-tiny-market,PawMart Tiny Market,2026-09-15,,Tycoon,Smallroom,Smallroom,PC,,0,,0,,,,,,,,,,готов,https://www.youtube.com/watch?v=2mVQZg7Lwn8,RinKa Plays,11,16.7,en,Whisper,"Блогер делится своими впечатлениями от игры PawMart Tiny Market, описывая её как спокойный idle-симулятор. Основная претензия игрока заключается в том, что в игре практически нет возможности для ручного взаимодействия с игровым процессом: помимо покупки улучшений, совершать какие-либо действия для ускорения прогресса невозможно. Блогер отмечает, что игра хорошо сделана, но из-за отсутствия активного геймплея она может показаться скучной для тех, кто предпочитает участвовать в процессе, а не просто наблюдать за происходящим в фоновом режиме.","Блогер оценивает игру как достойную, но с оговорками из-за её чрезмерной пассивности. Он ставит ей оценку между «пальцем вверх» и промежуточным вариантом (примерно 75 градусов наклона к «пальцу вверх»), отмечая, что если бы в игре можно было делать что-то вручную, оценка была бы выше.",Игра хорошо сделана; Появление достижений; Возможность самостоятельно выбирать и покупать улучшения; Положительно оценивает возможность выбора нескольких товаров покупателями,Отсутствие возможности выполнять действия вручную; Скучный геймплей из-за пассивности игрока; Малое количество доступных уровней изменения цены; Медленная работа сотрудников,,https://www.metacritic.com/game/pawmart-tiny-market/,https://video.akamai.steamstatic.com/store_trailers/4414270/59003175/ae8a3e5ba58b72a6f700c8a095027db4e4c989df/1786718847/hls_264_master.m3u8?t=1786720013,https://www.metacritic.com/a/img/catalog/provider/6/12/6-1-1231008-52.jpg,2026-09-16 11:11
perfect-place,Perfect Place,2026-09-15,,Virtual Life,Popular Gaming,Popular Gaming,PC,,0,,0,,,,,,,,,,не найден,,,,,,,,,,,поиск не дал подходящих роликов,https://www.metacritic.com/game/perfect-place/,https://video.akamai.steamstatic.com/store_trailers/4944090/1205895643/442fad55fb1381178c47d76b5de0d3cab9885f81/1788387093/hls_264_master.m3u8?t=1788387856,https://www.metacritic.com/a/img/catalog/provider/6/12/6-1-1266204-52.jpg,2026-09-16 15:00
pinball-vr-classic-arcade-simulator,Pinball VR: Classic Arcade Simulator,2026-09-15,,Pinball,Gravity Labs,Gravity Labs,Meta Quest,,0,,0,,,,,,,,,,не найден,,,,,,,,,,,поиск не дал подходящих роликов,https://www.metacritic.com/game/pinball-vr-classic-arcade-simulator/,,,2026-09-16 11:11
planetary-genesis-felis,Planetary Genesis: Felis,2026-09-16,,Simulation,Unprecedented Creations,Unprecedented Creations,PC,,0,,0,,,,,,,,,,не найден,,,,,,,,,,,поиск не дал подходящих роликов,https://www.metacritic.com/game/planetary-genesis-felis/,,https://www.metacritic.com/a/img/catalog/provider/6/12/6-1-1272396-52.jpg,2026-09-16 10:43
poly-peacocks,Poly Peacocks,2026-09-15,,Party,StatcSquid,StatcSquid,PC,,0,,0,,,,,,,,,,не найден,,,,,,,,,,,поиск не дал подходящих роликов,https://www.metacritic.com/game/poly-peacocks/,https://video.akamai.steamstatic.com/store_trailers/4900460/1972507999/493d44fc26958a3d38481969b96d26ae8a3e990b/1786805609/hls_264_master.m3u8?t=1786806304,https://www.metacritic.com/a/img/catalog/provider/6/12/6-1-1266409-52.jpg,2026-09-16 11:11
popcorn-and-premieren,Popcorn & Premieren,2026-09-16,,Tycoon,Jodelsoft,Jodelsoft,PC,,0,,0,,,,,,,,,,не найден,,,,,,,,,,,поиск не дал подходящих роликов,https://www.metacritic.com/game/popcorn-and-premieren/,https://video.akamai.steamstatic.com/store_trailers/5125170/1468343175/b174da14186a6c6fdf31d1675c3226a3b654bb2c/1788869049/hls_264_master.m3u8?t=1788869463,https://shared.akamai.steamstatic.com/store_item_assets/steam/apps/5125170/e87a5ad799eaa9c9a8bd9d22b48972b11ccc0174/header.jpg?t=1789040095,2026-09-16 10:43
reset-0-entropy-architect,RESET-0: Entropy Architect,2026-09-14,,Strategy,Metaphor Projects,Metaphor Projects,PC,,0,,0,,,,,,,,,,не найден,,,,,,,,,,,поиск не дал подходящих роликов,https://www.metacritic.com/game/reset-0-entropy-architect/,https://video.akamai.steamstatic.com/store_trailers/5010240/973964170/b433df25652c8ea03fefe781a3986fbc0288afbc/1786072575/hls_264_master.m3u8?t=1787201937,https://www.metacritic.com/a/img/catalog/provider/6/12/6-1-1273394-52.jpg,2026-09-16 19:25
roguelike-card-gamebusiness-empire,ROGUELIKE CARD GAME:BUSINESS EMPIRE,2026-09-15,,Card Battle,COO Studio,COO Studio,PC,,0,,0,,,,,,,,,,не найден,,,,,,,,,,,поиск не дал подходящих роликов,https://www.metacritic.com/game/roguelike-card-gamebusiness-empire/,https://video.akamai.steamstatic.com/store_trailers/4506090/1509715020/273932d36ae28f67798405a29f3b14e6acfc2434/1782575807/hls_264_master.m3u8?t=1782576192,https://www.metacritic.com/a/img/catalog/provider/6/12/6-1-1228239-52.jpg,2026-09-16 15:00
rpg-system,RPG System,2026-09-14,,Turn-Based Tactics,J&V ENTERTAINMENT LTDA,J&V ENTERTAINMENT LTDA,PC,,0,,0,,,,,,,,,,не найден,,,,,,,,,,,поиск не дал подходящих роликов,https://www.metacritic.com/game/rpg-system/,https://video.akamai.steamstatic.com/store_trailers/5068520/1953785137/e85909920ee19c1937390f95dc2aeea44cd81aff/1785996614/hls_264_master.m3u8?t=1787065890,https://www.metacritic.com/a/img/catalog/provider/6/12/6-1-1272030-52.jpg,2026-09-16 19:37
ride-up-together,Ride Up Together,2026-09-16,,Arcade Racing,Necha Games,Suber Game Studio,PC,,0,,0,,,,,,,,,,готов,https://www.youtube.com/watch?v=9J-bJRHMKZ8,ItsRitchieW and CrateUp,666,25.2,en,Whisper,"Блогер делится впечатлениями от кооперативного паркур-челленджа Ride Up Together. Он отмечает, что игра значительно сложнее, чем Chained Together, и требует высокой точности и терпения. Несмотря на высокий уровень фрустрации, он хвалит отзывчивость механик, плавность движений и общую проработку игры, рекомендуя её любителям подобных испытаний.","Блогер считает Ride Up Together отличной игрой для тех, кто любит паркур-челленджи и готов к высоким сложностям. Он отмечает, что игра ощущается качественной, с точными механиками и хорошим темпом, хотя она может сильно раздражать из-за своей трудности. Если вам нравится Chained Together, эта игра станет отличным следующим шагом.","отзывчивые платформы; хорошая работа механик и отсутствие «кривизны»; подходит для тех, кто любит оттачивать мастерство; хорошая игра для стримов",высокая сложность; нечестные моменты в геймплее; нестабильная работа молотов; сложность выхода из контейнера,,https://www.metacritic.com/game/ride-up-together/,https://video.akamai.steamstatic.com/store_trailers/4895550/1928355660/01c7dc7c03a727aaa3856dd14d80229fa83f73df/1789483940/hls_264_master.m3u8?t=1789484822,https://www.metacritic.com/a/img/catalog/provider/6/12/6-1-1257772-52.jpg,2026-09-16 11:00
road-connect,Road Connect,2026-09-14,,Action,Angel Torres,Angel Torres,PC,,0,,0,,,,,,,,,,не найден,,,,,,,,,,,поиск не дал подходящих роликов,https://www.metacritic.com/game/road-connect/,https://video.akamai.steamstatic.com/store_trailers/4659150/892441400/db2c6a31b47f08c70f2dfffdd08e93fca3c4e153/1779073432/hls_264_master.m3u8?t=1779515428,https://www.metacritic.com/a/img/catalog/provider/6/12/6-1-1239927-52.jpg,2026-09-16 19:25
rogue-circuit,Rogue Circuit,2026-09-14,,Auto Racing,Jorge Francisco Bescos Gascon,Jorge Francisco Bescos Gascon,PC,,0,,0,,,,,,,,,,не найден,,,,,,,,,,,поиск не дал подходящих роликов,https://www.metacritic.com/game/rogue-circuit/,https://video.akamai.steamstatic.com/store_trailers/5180900/414428655/83665093aeabb49952fae0e6a7a79d5d59dd71f5/1788332851/hls_264_master.m3u8?t=1788333319,https://www.metacritic.com/a/img/catalog/provider/6/12/6-1-1279639-52.jpg,2026-09-16 19:37
roman-sands-rebuild,Roman Sands RE:Build,2026-09-16,T,First-Person Adventure,Arbitrary Metric,Serenity Forge; Beep,Nintendo Switch,,0,,0,,,,,,,,,,готов,https://www.youtube.com/watch?v=eYKC00woZ9w,Mama Bedlam VT,243,45.0,en,Whisper,"Блогер делится впечатлениями от демоверсии Roman Sands RE:Build, отмечая игру как очень вдохновляющую и визуально впечатляющую. Ему очень понравился художественный стиль, анимации и интерфейс, который он оценил как стильный и эффективный. Блогер также выделил интересный контраст между двумя сторонами игры, которые он увидел в демо. Несмотря на то, что демо было коротким, он выразил желание приобрести полную версию игры.","Блогер в восторге от Roman Sands RE:Build, называя её «чертовски хорошей видеоигрой». Он особенно оценил визуальное исполнение, проработку анимаций и продуманный интерфейс. Несмотря на некоторые ограничения демоверсии, игра произвела на него сильное впечатление своим воображением и стилем.",впечатляющий визуальный стиль; стильный и эффективный интерфейс; вдохновляющие анимации; приятная динамика взаимодействия меню и геймплея; уникальная и оригинальная идея лифта,ограниченность возможностей в демоверсии; невозможность прыгать,,https://www.metacritic.com/game/roman-sands-rebuild/,https://video.akamai.steamstatic.com/store_trailers/2231460/1051565317/2a3c6895359de8cb422394074288474299438597/1784135385/hls_264_master.m3u8?t=1784224601,https://www.metacritic.com/a/img/catalog/provider/6/12/6-1-911239-52.jpg,2026-09-16 10:28
runescape-dragonwilds,RuneScape: Dragonwilds,2026-09-15,,Open-World Action,Jagex,Jagex,PC,,6,,0,"критики отмечают наличие захватывающей и вознаграждающей системы магии; в отзывах встречается мнение о впечатляющем потенциале игры как симулятора выживания; критики хвалят основной игровой цикл, включающий строительство базы, сбор ресурсов и использование заклинаний","критики жалуются на утомительные меню настройки персонажа; в отзывах встречаются нарекания на неясные задания обучения; критики отмечают высокую агрессию противников и малую полосу выносливости, что затрудняет одиночную игру; в отзывах встречаются нарекания на необходимость доработки баланса и удобства управления","Критики оценивают игру как многообещающий проект с сильной магической системой и интересным игровым циклом, однако отмечают проблемы с обучением, балансом и удобством интерфейса, рекомендуя проходить её в кооперативе.",1 из 6,,,,,gemma-4-12b-it-qat,готов,https://www.youtube.com/watch?v=LnwdjHpZzqU,Let's Game It Out,2697129,23.2,en,Whisper,"В данном ролике блогер знакомится с RuneScape: Dragonwilds, исследуя её как survival-игру с элементами строительства. Он активно экспериментирует с механикой изменения ландшафта, изучает систему выживания и проверяет возможности взаимодействия с окружением, используя магию и инструменты для создания базы.","Блогер остался доволен игрой, отметив её разнообразие и креативные возможности строительства, несмотря на некоторые технические проблемы и ограничения механик.",наличие механики строительства; красивые пейзажи; гибкость системы строительства; возможность полностью изменять ландшафт; Возможность очищать воду с помощью костра,необходимость ждать восстановления выносливости; ограничение уровня прокачки; проблемы с загрузкой при возрождении из-за обилия построек; Неудобство взаимодействия с некоторыми персонажами из-за особенностей ландшафта; Ограничения в строительстве в определенных зонах,,https://www.metacritic.com/game/runescape-dragonwilds/,https://video.akamai.steamstatic.com/store_trailers/1374490/1041681910/319600eec8d42cd140158ed4a8034b3ce74d135f/1788355172/hls_264_master.m3u8?t=1789462848,https://www.metacritic.com/a/img/catalog/provider/7/2/7-1781630650.jpg,2026-09-16 13:06
runeomicon,Runeomicon,2026-09-16,,Strategy,The Longest Road,Joystick Ventures,PC,,0,,0,,,,,,,,,,готов,https://www.youtube.com/watch?v=CAWFNF-WJYg,Angory Tom,51800,26.3,en,Whisper,"Блогер делится впечатлениями от игры Runeomicon, в которой игроку предстоит проводить ритуалы, вручную рисуя магические руны. Он отмечает, что игра требует высокой точности и навыка рисования, что поначалу вызывает трудности. Блогер хвалит систему прогрессии, возможность кастомизации защитных сооружений и визуальный стиль игры, связанный с темой темных богов и ритуалов. Основной сложностью для него стала необходимость быстро и точно воспроизводить сложные формы рун под давлением нарастающих волн врагов.","Runeomicon — это атмосферная игра про ритуалы и темных богов, которая затягивает своей механикой рисования рун. Несмотря на то, что точность рисования может стать серьезным испытанием для игрока, возможность развивать свою оборону и собирать уникальных существ делает процесс увлекательным. Игра отлично передает ощущение прогрессии, хотя некоторые улучшения могут стоить довольно дорого.",интересная система прокачки и выбора защитных сооружений; приятная система улучшения существ и их характеристик; атмосферная тематика игры; удовлетворительная динамика боя в конце уровня,высокая сложность из-за необходимости точности рисования; высокая стоимость некоторых улучшений; недостаточно эффективное лечение,,https://www.metacritic.com/game/runeomicon/,https://video.akamai.steamstatic.com/store_trailers/3160570/362271138/15adc8aa7f3105eeec44df92ca02230acb3567b7/1787156557/hls_264_master.m3u8?t=1787158114,https://www.metacritic.com/a/img/catalog/provider/6/12/6-1-1057569-52.jpg,2026-09-16 10:28
rushcremental,Rushcremental,2026-09-15,,Strategy,Tim Beaudet,Tyre Bytes LLC,PC,,0,,0,,,,,,,,,,готов,https://www.youtube.com/watch?v=U5QqXZ4vK5U,Кай стример,1625,24.3,ru,Whisper,"Блогер знакомится с инкрементальной демо-версией Rushcremental, в которой необходимо собирать металлолом, улучшать характеристики и участвовать в гонках. Он отмечает прогрессию прокачки, систему квестов и наличие челленджей, однако указывает на некоторую скудность контента в демо-версии и не всегда понятные механики.","Rushcremental представляет собой инкрементальную игру с базовыми механиками сбора ресурсов и улучшения техники. Блогер отмечает наличие системы прогрессии и квестов, но указывает на то, что демо-версия довольно ограничена по контенту и местами может быть запутанной в плане механик.",наличие системы квестов; возможность улучшения характеристик,недостаточное количество контента в демо-версии; недостаточно информативное описание ограничений улучшений; недостаточная награда за выполнение условий; непонятные механики или визуальное отображение,,https://www.metacritic.com/game/rushcremental/,https://video.akamai.steamstatic.com/store_trailers/2695500/2145620664/c8c3aaaa09c1ecd638edbc6b4944bcf591649046/1788347311/hls_264_master.m3u8?t=1788347635,https://www.metacritic.com/a/img/catalog/provider/6/12/6-1-1191847-52.jpg,2026-09-16 11:11
side-out,SIDE OUT,2026-09-15,,Arcade,antics,antics,PC,,0,,0,,,,,,,,,,не найден,,,,,,,,,,,поиск не дал подходящих роликов,https://www.metacritic.com/game/side-out/,https://video.akamai.steamstatic.com/store_trailers/5146540/136645104/e15f030219ce1e451766dd03c80daab386ac7f50/1787267199/hls_264_master.m3u8?t=1787785466,https://www.metacritic.com/a/img/catalog/provider/6/12/6-1-1276904-52.jpg,2026-09-16 14:00
singularity-xzx,SINGULARITY (xzx),2026-09-15,,Compilation,xzx,xzx,PC,,0,,0,,,,,,,,,,не найден,,,,,,,,,,,поиск не дал подходящих роликов,https://www.metacritic.com/game/singularity-xzx/,,https://www.metacritic.com/a/img/catalog/provider/6/12/6-1-1279932-52.jpg,2026-09-16 14:00
sss-fpv,SSS-FPV,2026-09-15,,Aircraft Sim,Invincible Pilot,Invincible Pilot,PC,,0,,0,,,,,,,,,,не найден,,,,,,,,,,,поиск не дал подходящих роликов,https://www.metacritic.com/game/sss-fpv/,,https://www.metacritic.com/a/img/catalog/provider/6/12/6-1-1273569-52.jpg,2026-09-16 13:06
stilltrace,STILLTRACE,2026-09-15,,Top-Down Shoot-'Em-Up,AdroVGames,AdroVGames,PC,,0,,0,,,,,,,,,,не найден,,,,,,,,,,,поиск не дал подходящих роликов,https://www.metacritic.com/game/stilltrace/,https://video.akamai.steamstatic.com/store_trailers/5115240/2114284895/8301a422e6e53ba67c5a7e2849fe8f933f109533/1787084434/hls_264_master.m3u8?t=1787564677,https://www.metacritic.com/a/img/catalog/provider/6/12/6-1-1275863-52.jpg,2026-09-16 14:00
sakura-branch-blossom-puzzle,Sakura Branch: Blossom Puzzle,2026-09-14,,Puzzle,Ruquon,ASI GAMES TECHNOLOGIES LTD,Nintendo Switch,,0,,0,,,,,,,,,,не найден,,,,,,,,,,,поиск не дал подходящих роликов,https://www.metacritic.com/game/sakura-branch-blossom-puzzle/,,https://play-lh.googleusercontent.com/W9XtsP8SK-fBt9_GYF1-YElWKQ5DSgdZyxN5OXI9zc8r8xMDZ1DWDTzd08Zwr2RF0RkOr_rEtZOgpIQju0wJfJs=w512-h512,2026-09-16 19:10
secrets-of-temple-isle,Secrets of Temple Isle,2026-09-15,,Action Adventure,Moses Doyle,Moses Doyle,PC,,0,,0,,,,,,,,,,готов,https://www.youtube.com/watch?v=Fc0aVJh_5to,Eden Everthil,12,16.9,en,Whisper,"Блогер делится впечатлениями от процесса игры, отмечая интересное развитие сюжета и наличие забавных моментов. Он активно взаимодействует с игровым миром, комментируя поведение NPC и свои действия. Основная часть видео посвящена разбору механик, где автор предлагает конкретные улучшения интерфейса и управления для удобства геймплея.","Secrets of Temple Isle оставляет приятное впечатление благодаря интересному сюжету и атмосфере, однако игре требуется доработка интерфейса и системы управления для более плавного игрового процесса.",Интересное развитие сюжета; Приятная музыка; Разнообразные и забавные взаимодействия с NPC,Отсутствие возможности видеть урон перед покупкой предмета; Запутанная система маркеров на экране; Неудобство управления инвентарем и переключения между инструментами и оружием; Проблемы с отображением прически при скрытии брони,,https://www.metacritic.com/game/secrets-of-temple-isle/,https://video.akamai.steamstatic.com/store_trailers/1842680/659290064/342f1592eb2308967f921b137ebece4e6bc4b9d3/1780134343/hls_264_master.m3u8?t=1784195034,https://www.metacritic.com/a/img/catalog/provider/6/12/6-1-885262-52.jpg,2026-09-16 13:06
sect-logistics,Sect Logistics,2026-09-14,,Simulation,Youdianhan,Youdianhan,PC,,0,,0,,,,,,,,,,не найден,,,,,,,,,,,поиск не дал подходящих роликов,https://www.metacritic.com/game/sect-logistics/,https://video.akamai.steamstatic.com/store_trailers/4860160/1465071059/9549a24a60f5636c9ed249ea687b510936171845/1787033253/hls_264_master.m3u8?t=1788233791,https://www.metacritic.com/a/img/catalog/provider/6/12/6-1-1279187-52.jpg,2026-09-16 19:25
seed-shop-tidy-up,Seed Shop: Tidy Up!,2026-09-15,,Simulation,meteor008,meteor008,PC,,0,,0,,,,,,,,,,не найден,,,,,,,,,,,поиск не дал подходящих роликов,https://www.metacritic.com/game/seed-shop-tidy-up/,https://video.akamai.steamstatic.com/store_trailers/5148260/530275777/63f4f9d751a3c9160a4b0bbd2bb1261c8f8d372d/1789229596/hls_264_master.m3u8?t=1789231197,https://www.metacritic.com/a/img/catalog/provider/6/12/6-1-1279630-52.jpg,2026-09-16 15:00
shardkeep,Shardkeep,2026-09-15,,Matching Puzzle,Meridian Studios,Meridian Studios,PC,,0,,0,,,,,,,,,,не найден,,,,,,,,,,,поиск не дал подходящих роликов,https://www.metacritic.com/game/shardkeep/,https://video.akamai.steamstatic.com/store_trailers/5177270/1396828512/82a212bdc6c20dbc5fe3d84dbb95c42b44842d3b/1787711479/hls_264_master.m3u8?t=1788423319,https://www.metacritic.com/a/img/catalog/provider/6/12/6-1-1280869-52.jpg,2026-09-16 14:00
shh-supergirl-is-doing-online-shopping,Shh! Supergirl is doing online shopping!,2026-09-14,,Puzzle,Cardboard Bento Studio,Cardboard Bento Studio,PC,,0,,0,,,,,,,,,,не найден,,,,,,,,,,,поиск не дал подходящих роликов,https://www.metacritic.com/game/shh-supergirl-is-doing-online-shopping/,,https://www.metacritic.com/a/img/catalog/provider/6/12/6-1-1246812-52.jpg,2026-09-16 19:10
shutterout,ShutterOut,2026-09-15,,Survival,ASJK,ASJK,PC,,0,,0,,,,,,,,,,не найден,,,,,,,,,,,поиск не дал подходящих роликов,https://www.metacritic.com/game/shutterout/,https://video.akamai.steamstatic.com/store_trailers/5132730/662681998/bf9df3606744b73087beb63eb429bbd15de578fb/1787682079/hls_264_master.m3u8?t=1788202169,https://www.metacritic.com/a/img/catalog/provider/6/12/6-1-1279363-52.jpg,2026-09-16 14:00
sicarios,Sicarios,2026-09-14,,Point-and-Click,Bonuman Game Studio,Bonuman Game Studio,PC,,0,,0,,,,,,,,,,не найден,,,,,,,,,,,"FiC1Q-Im4sQ: мало речи блогера (0 символов в минуту); daG_peiCLl4: тот же канал, в его ролике мало речи",https://www.metacritic.com/game/sicarios/,https://video.akamai.steamstatic.com/store_trailers/5125490/1261482031/af45e70f2b9389f484b5a2701348ee9e2085c730/1787050384/hls_264_master.m3u8?t=1788244429,https://www.metacritic.com/a/img/catalog/provider/6/12/6-1-1279195-52.jpg,2026-09-16 19:25
slimemerge,SlimeMerge,2026-09-14,,Puzzle,QuietQuickCollapseGames,QuietQuickCollapseGames,PC,,0,,0,,,,,,,,,,не найден,,,,,,,,,,,поиск не дал подходящих роликов,https://www.metacritic.com/game/slimemerge/,https://video.akamai.steamstatic.com/store_trailers/5111270/1836411694/c4b96cca428794d6c9d0edb3b091c0b1a32dc75f/1787586047/hls_264_master.m3u8?t=1788164023,https://www.metacritic.com/a/img/catalog/provider/6/12/6-1-1279645-52.jpg,2026-09-16 19:37
snuggle-nightmare,Snuggle Nightmare,2026-09-15,,First-Person Adventure,Catire Games Studio,Catire Games Studio,PC,,0,,0,,,,,,,,,,готов,https://www.youtube.com/watch?v=SD3F3ZBj3lo,AesmatvGaming,1289,59.7,en,Whisper,"Блогер отмечает, что Snuggle Nightmare — это хорошо сделанная и пугающая игра, однако он считает её слишком сложной и перегруженной лишними механиками. Основные претензии связаны с неудобным управлением, кнобками и камерами, которые делают прохождение невозможным из-за отсутствия пространства для маневра. Несмотря на критику сложности, автор признает качество исполнения и атмосферу игры.","Snuggle Nightmare — качественный хоррор с хорошей атмосферой, но он может вызвать сильное раздражение из-за технических огрехов. Блогер считает, что игра переусложнена: сочетание неповоротливого управления, слишком большого количества камер и маленькой карты создает ситуацию, где у игрока почти нет шансов на успех. Несмотря на эти проблемы, автор отмечает, что игра пугает и выполнена добротно.","Механика складывания коробок реализована лучше, чем в других играх; Игроку не нужно терять предметы после смерти; Игра хорошо сделана и атмосферно; Хорошие скриптовые моменты с пугающими эффектами; Эффективные скримеры в начале игры","Неудобное и неповоротливое управление предметами; Слишком высокая сложность и избыточная запутанность; Слишком много камер, которые мгновенно выдают местоположение игрока; Маленькая карта и ограниченный радиус перемещения противника",,https://www.metacritic.com/game/snuggle-nightmare/,https://video.akamai.steamstatic.com/store_trailers/4537800/285816707/558d27782eb713bcabb4eeaa401d4827347997f9/1789059702/hls_264_master.m3u8?t=1789060181,https://www.metacritic.com/a/img/catalog/provider/6/12/6-1-1218302-52.jpg,2026-09-16 11:11
solvizz,Solvizz,2026-09-15,,Logic Puzzle,Oulda,Oulda,PC,,0,,0,,,,,,,,,,готов,https://www.youtube.com/watch?v=NmMaiVkL9nc,Gerome LeGrom Gaming,106,17.6,fr,Whisper,"Блогер знакомит зрителей с Solvizz — уютной пазл-игрой на тему мозга, состоящей из девяти регионов. Он отмечает, что игра постепенно усложняется: сначала задачи кажутся простыми, но требуют внимательности и понимания логики. Блогер подчеркивает, что как только игрок схватывает принцип решения, процесс идет быстро. Он демонстрирует несколько разных типов головоломок, объясняя правила каждой из них и показывая, как визуальное восприятие может иногда мешать правильному пониманию условий.","Solvizz — это спокойная и уютная пазл-игра, которая отлично подходит для тех, кто любит логические задачи. Хотя игра может потребовать времени на освоение правил и понимание логики каждой области, она вознаграждает игрока моментами «эврики» и быстрым прогрессом после того, как принцип решения становится понятным.","Игра имеет уютную и спокойную атмосферу; После того как игрок понимает логику, решение задач становится быстрым; В игре есть моменты внезапного озарения, когда решение становится очевидным",Игра не сохраняет настройки языка; Иногда визуальное восприятие формы может сбивать с толку,,https://www.metacritic.com/game/solvizz/,https://video.akamai.steamstatic.com/store_trailers/4210440/284930328/eca4acce2f1663f1b5cf7cde9aa2d7982a1caa31/1784833908/hls_264_master.m3u8?t=1784834263,https://www.metacritic.com/a/img/catalog/provider/6/12/6-1-1255167-52.jpg,2026-09-16 11:11
sort-the-toys,Sort The Toys,2026-09-16,,Simulation,odwar,odwar,PC,,0,,0,,,,,,,,,,не найден,,,,,,,,,,,поиск не дал подходящих роликов,https://www.metacritic.com/game/sort-the-toys/,https://video.akamai.steamstatic.com/store_trailers/5175160/1849513805/726ad00afe12a81fd629ba9ac6e0946adac4b1cc/1787853382/hls_264_master.m3u8?t=1788185408,https://shared.akamai.steamstatic.com/store_item_assets/steam/apps/5175160/9e2330895576eddeaaaf1e6105365cb7896a43e9/header.jpg?t=1789499518,2026-09-16 10:43
stack-together-to-the-moon-stack-build-and-escape,"Stack Together: To the Moon - Stack, Build & Escape",2026-09-14,,Sandbox,Simnetic Game,Simnetic Game,PC,,0,,0,,,,,,,,,,не найден,,,,,,,,,,,поиск не дал подходящих роликов,https://www.metacritic.com/game/stack-together-to-the-moon-stack-build-and-escape/,https://video.akamai.steamstatic.com/store_trailers/3424650/781987648/505b9717c6ce7ddd44c1ec7e75c5a307f6d7d67a/1787164537/hls_264_master.m3u8?t=1787684811,https://www.metacritic.com/a/img/catalog/provider/6/12/6-1-1276451-52.jpg,2026-09-16 19:25
stock-market-crash-2,Stock Market Crash 2,2026-09-15,,Strategy,Dan Glover,Dan Glover,PC,,0,,0,,,,,,,,,,не найден,,,,,,,,,,,среди роликов нет летсплеев,https://www.metacritic.com/game/stock-market-crash-2/,https://video.akamai.steamstatic.com/store_trailers/5104080/1391682151/dc70d31cec94cd912a8ce025a31177da42b03873/1786730968/hls_264_master.m3u8?t=1787095014,https://www.metacritic.com/a/img/catalog/provider/6/12/6-1-1272755-52.jpg,2026-09-16 14:00
sudoku-sand-games,Sudoku (Sand Games),2026-09-14,,Logic Puzzle,Sand Games,Sand Games,PC,,0,,0,,,,,,,,,,не найден,,,,,,,,,,,поиск не дал подходящих роликов,https://www.metacritic.com/game/sudoku-sand-games/,,https://www.metacritic.com/a/img/catalog/provider/6/12/6-1-1262306-52.jpg,2026-09-16 19:10
sukmantos-kitchen-1990,Sukmantos Kitchen 1990,2026-09-15,,Survival,Ilhaminati,Ilhaminati,PC,,0,,0,,,,,,,,,,не найден,,,,,,,,,,,поиск не дал подходящих роликов,https://www.metacritic.com/game/sukmantos-kitchen-1990/,https://video.akamai.steamstatic.com/store_trailers/5107260/1763544023/34353b7d3bba7defa468eb8a4502dd2db074db0e/1787301912/hls_264_master.m3u8?t=1787897206,https://www.metacritic.com/a/img/catalog/provider/6/12/6-1-1277842-52.jpg,2026-09-16 14:00
super-clown-spookyland,Super Clown Spookyland,2026-09-16,,Third-Person Adventure,Valkeala Software,Valkeala Software,PC,,0,,0,,,,,,,,,,не найден,,,,,,,,,,,поиск не дал подходящих роликов,https://www.metacritic.com/game/super-clown-spookyland/,https://video.akamai.steamstatic.com/store_trailers/5181540/988852277/48f5fd67cdb18271c4b4cbcc0e73bfe7bb887eab/1787760081/hls_264_master.m3u8?t=1788358256,https://www.metacritic.com/a/img/catalog/provider/6/12/6-1-1280858-52.jpg,2026-09-16 10:43
suqare-hired-gun,Suqare: Hired Gun,2026-09-15,,Top-Down Shoot-'Em-Up,2102 Game Studios,2102 Game Studios,PC,,0,,0,,,,,,,,,,не найден,,,,,,,,,,,поиск не дал подходящих роликов,https://www.metacritic.com/game/suqare-hired-gun/,https://video.akamai.steamstatic.com/store_trailers/3314260/665414497/6eed27f574a03486e7fdb22f8bbcc91519eb16e2/1778677005/hls_264_master.m3u8?t=1778677264,https://www.metacritic.com/a/img/catalog/provider/6/12/6-1-1076753-52.jpg,2026-09-16 13:06
tcg-card-shop-simulator,TCG Card Shop Simulator,2026-09-15,,Virtual Career,OPNeon Games,OPNeon Games,PC,,1,,0,критики отмечают удачную передачу атмосферы управления собственным магазином; в отзывах встречается положительная оценка новой добавочной игры в формате TCG,критики указывают на недостаточно подробное обучение в новой игре,"Критики оценивают игру положительно, выделяя реалистичную атмосферу симулятора магазина, однако отмечают недостатки в обучении новой механике.",1 из 1,,,,,gemma-4-12b-it-qat,готов,https://www.youtube.com/watch?v=6Dfe6CiqV-k,Skoottie,3646373,50.3,en,Whisper,"В ролике блогер делится опытом управления магазином в TCG Card Shop Simulator, ставя перед собой амбициозные цели по количеству открытых пачек, проведению турниров и сбору редких коллекционных карточек. На протяжении двух частей он исследует механику развития бизнеса, экспериментирует с ценообразованием и анализирует эффективность найма персонала и различных улучшений магазина.","Блогер остался доволен игрой, отметив увлекательный процесс развития магазина и приятное чувство прогресса при выполнении масштабных задач. Несмотря на некоторые технические огрехи и специфические ограничения механик, проект показался ему интересным симулятором с элементами азарта и стратегии.","Реалистичная система выпадения редких карточек, где большинство из них не имеют высокой стоимости; Возможность открывать паки и получать редкие карточки, такие как Ghost cards; Возможность перемещаться по магазину и находиться на крыше; Возможность проводить турниры, которые приносят хороший доход; Хорошая динамика продаж на начальных этапах игры","Неудобная скорость открытия пачек в версии игры, на которой играл блогер; Необоснованно высокая цена на кубики; Медленная работа сотрудника, из-за которой теряются продажи; Рабочий стол является пустой тратой денег на текущем этапе игры; Процесс создания бандлов карточек через рабочий стол очень медленный",,https://www.metacritic.com/game/tcg-card-shop-simulator/,https://video.akamai.steamstatic.com/store_trailers/3070070/473183886/887dfaa163d972a09c449e48e40964923b18463c/1789384458/hls_264_master.m3u8?t=1789404600,https://www.metacritic.com/a/img/catalog/provider/6/12/6-1-1036168-52.jpg,2026-09-16 13:06
trumpp-vs-elon-tycoon,TRUMPP VS ELON TYCOON,2026-09-15,,Tycoon,BlackTea Games,BlackTea Games,PC,,0,,0,,,,,,,,,,не найден,,,,,,,,,,,поиск не дал подходящих роликов,https://www.metacritic.com/game/trumpp-vs-elon-tycoon/,https://video.akamai.steamstatic.com/store_trailers/4784590/1523796916/c1d4ea2b4cb09140d7d1c83cb26d8c0e274b23b4/1780020011/hls_264_master.m3u8?t=1784585701,https://shared.akamai.steamstatic.com/store_item_assets/steam/apps/4784590/86373ef1057e7f51430d66b5ea94a96cf573611e/header.jpg?t=1785288055,2026-09-16 11:00
tale-of-beauty,Tale of Beauty,2026-09-15,,Third-Person Adventure,UBU INTERACTIVE S.R.L.,UBU INTERACTIVE S.R.L.,PC,,0,,0,,,,,,,,,,не найден,,,,,,,,,,,поиск не дал подходящих роликов,https://www.metacritic.com/game/tale-of-beauty/,,https://www.metacritic.com/a/img/catalog/provider/6/12/6-1-1278931-52.jpg,2026-09-16 13:06
tapybuddy,TapyBuddy,2026-09-14,,Simulation,Shady Monkey Studios,Shady Monkey Studios,PC,,0,,0,,,,,,,,,,не найден,,,,,,,,,,,поиск не дал подходящих роликов,https://www.metacritic.com/game/tapybuddy/,https://video.akamai.steamstatic.com/store_trailers/5077450/405552630/0e2ef0ef56995734cb528ae3fac4372b559384ed/1788521345/hls_264_master.m3u8?t=1789152129,https://www.metacritic.com/a/img/catalog/provider/6/12/6-1-1277552-52.jpg,2026-09-16 19:25
taskbar-colony,Taskbar Colony,2026-09-15,,Simulation,Tom,Tom,PC,,0,,0,,,,,,,,,,не найден,,,,,,,,,,,поиск не дал подходящих роликов,https://www.metacritic.com/game/taskbar-colony/,https://video.akamai.steamstatic.com/store_trailers/5056060/830983426/d75eeb485c44c382b014b193e2500f644d332c3b/1787050804/hls_264_master.m3u8?t=1787336252,https://www.metacritic.com/a/img/catalog/provider/6/12/6-1-1274130-52.jpg,2026-09-16 13:06
tenebris-terra-incognita,Tenebris: Terra Incognita,2026-09-14,,Turn-Based Tactics,Phantasmica Studios,Phantasmica Studios,PC,,0,,0,,,,,,,,,,готов,https://www.youtube.com/watch?v=W4U1P-l9EVs,Splattercatgaming,77783,33.1,en,Whisper,"В ролике блогер делится впечатлениями от прохождения Tenebris: Terra Incognita в раннем доступе. Он анализирует геймплейные механики, сравнивая проект с Darkest Dungeon и Helldivers, и оценивает общую атмосферу и тактическую глубину игры.","Блогер считает, что у игры отличный фундамент и потенциал стать достойной альтернативой Darkest Dungeon, однако на текущем этапе она может показаться однообразной из-за гринда и линейности уровней.","Наличие системы комбинаций, когда персонажи могут атаковать вместе; Хорошая основа игры; Приятный процесс уничтожения космических насекомых; Эффективность тактики с упором на чистый урон; Визуальное отображение повреждений на врагах",Механика способностей с вероятностью срабатывания и долгим кулдауном; Высокая повторяемость и избыточный гринд; Линейность уровней и отсутствие карты с иконками для планирования; Отсутствие разнообразия врагов; Недостаток элементов удобства (QoL),,https://www.metacritic.com/game/tenebris-terra-incognita/,https://video.akamai.steamstatic.com/store_trailers/2280060/1369638099/913c2d094427eb7a8aa3e368ea0aa7665a9d02bc/1774877489/hls_264_master.m3u8?t=1774878623,https://www.metacritic.com/a/img/catalog/provider/6/12/6-1-914789-52.jpg,2026-09-16 19:25
terminal-mission,Terminal Mission,2026-09-14,,Action,Jerome Lebel,Jerome Lebel,PC,,0,,0,,,,,,,,,,готов,https://www.youtube.com/watch?v=UJjAz1q5zq0,Mr Feudal,9561,54.0,en,Whisper,"В данном ролике блогер делится впечатлениями от прохождения миссии в Terminal Mission, подробно разбирая системы прогрессии, кастомизации оружия и механики взаимодействия с миром. Автор анализирует опыт игры на различных уровнях сложности, описывает способы получения редкого снаряжения и делится своими эмоциями от выполнения задач.","Несмотря на сложности с управлением терминалом и ограниченный объем инвентаря, блогер считает игру очень веселой и рекомендует её к покупке как увлекательный PvE-проект для игры с друзьями.",Разнообразие контента и возможностей для прокачки; Наличие большого количества полезного лута в игровом мире; Наличие разнообразного оружия; Высокая динамика и количество противников; Общая увлекательность игры,Ограниченность выбора оружия в некоторых категориях; Сложность управления терминалом; Высокая сложность карты Bunker; Неудобство из-за ограниченного объема инвентаря,,https://www.metacritic.com/game/terminal-mission/,,,2026-09-16 19:10
text-battle-royale,Text Battle Royale,2026-09-16,,Strategy,Rebourne Studios,Rebourne Studios,PC,,0,,0,,,,,,,,,,не найден,,,,,,,,,,,поиск не дал подходящих роликов,https://www.metacritic.com/game/text-battle-royale/,https://video.akamai.steamstatic.com/store_trailers/3933930/1089953790/b10d6bfc2f5bcc865654b763757d5ef71ec6b492/1785953083/hls_264_master.m3u8?t=1788216456,https://shared.akamai.steamstatic.com/store_item_assets/steam/apps/3933930/7f6beafd30895242e0b8b7c98ad23a91c26386bf/header.jpg?t=1788622830,2026-09-16 10:43
the-architect-of-nowhere,The Architect of Nowhere,2026-09-16,,Visual Novel,kollegi51,kollegi51,PC,,0,,0,,,,,,,,,,не найден,,,,,,,,,,,поиск не дал подходящих роликов,https://www.metacritic.com/game/the-architect-of-nowhere/,https://video.akamai.steamstatic.com/store_trailers/5152950/853502173/aaf67f48ec26d8d3c40a0d8ee552275540c6c7aa/1787320692/hls_264_master.m3u8?t=1788355104,https://www.metacritic.com/a/img/catalog/provider/6/12/6-1-1280848-52.jpg,2026-09-16 10:43
the-bow-ultimate-weapon,The Bow: Ultimate weapon,2026-09-15,,Top-Down Shoot-'Em-Up,Nomad Ukiki,Nomad Ukiki,PC,,0,,0,,,,,,,,,,готов,https://www.youtube.com/watch?v=OdGjI7WfwJY,Venky Arisko,91,60.6,id,Whisper,"Блогер делится первыми впечатлениями от игры The Bow: Ultimate weapon, которую он получил на ранний обзор перед официальным релизом. Он отмечает уникальность инкрементального геймплея, где игрок не просто стоит на месте (AFK), а активно сражается и исследует мир. Блогер хвалит систему прогрессии, разнообразие улучшений и общую атмосферу игры, называя её подходящей для тех, кто ищет расслабляющий и уютный геймплей без лишних сложностей. Несмотря на некоторые трудности с балансом урона и скоростью продажи предметов, он крайне доволен игрой и рекомендует её любителям жанра.","Блогер очень доволен игрой The Bow: Ultimate weapon, называя её отличным выбором для любителей инкрементальных игр. Он отмечает, что проект выделяется на фоне типичных AFK-игр своей динамикой и уникальностью. Несмотря на некоторые шероховатости в балансе (например, медленная продажа лута), игра оставляет очень позитивные впечатления и рекомендуется к покупке.","Интересная и уникальная механика инкрементального прогресса; Игра подходит для тех, кто любит уютный и спокойный геймплей; Приятный и увлекательный процесс игры; Возможность активно участвовать в сражениях, а не просто ждать",Низкая скорость продажи предметов; Недостаточный урон для победы над сильными противниками,,https://www.metacritic.com/game/the-bow-ultimate-weapon/,https://video.akamai.steamstatic.com/store_trailers/4563910/412727412/7fa336d85d731aebdaf0908a0f4b1d2b158f5182/1788270360/hls_264_master.m3u8?t=1788271264,https://www.metacritic.com/a/img/catalog/provider/6/12/6-1-1225777-52.jpg,2026-09-16 11:11
the-event,The Event,2026-09-15,,First-Person Adventure,Lazy Games,Lazy Games,PC,,0,,0,,,,,,,,,,не найден,,,,,,,,,,,среди роликов нет летсплеев,https://www.metacritic.com/game/the-event/,https://video.akamai.steamstatic.com/store_trailers/2444700/670766358/24445a321123010919371241665d228335b1c2d5/1789394839/hls_264_master.m3u8?t=1789395223,https://www.metacritic.com/a/img/catalog/provider/6/12/6-1-939416-52.jpg,2026-09-16 13:06
the-excavation-beneath-the-cathedral,The Excavation: Beneath The Cathedral,2026-09-16,,First-Person Adventure,Wyrmfang Forge,Wyrmfang Forge,PC,,0,,0,,,,,,,,,,не найден,,,,,,,,,,,поиск не дал подходящих роликов,https://www.metacritic.com/game/the-excavation-beneath-the-cathedral/,https://video.akamai.steamstatic.com/store_trailers/4431460/475840929/955c9b2fabc5cd3bc629efc158cf8c6d84ca1536/1772126875/hls_264_master.m3u8?t=1772128355,https://www.metacritic.com/a/img/catalog/provider/6/12/6-1-1206793-52.jpg,2026-09-16 10:28
the-glass-greenhouse-pharmacy,The Glass Greenhouse Pharmacy,2026-09-15,,Action,neo studio,neo studio,PC,,0,,0,,,,,,,,,,не найден,,,,,,,,,,,поиск не дал подходящих роликов,https://www.metacritic.com/game/the-glass-greenhouse-pharmacy/,,,2026-09-15 18:15
the-gokturk-caravan,The Gokturk: Caravan,2026-09-16,,Strategy,VATEC Games,VATEC Games,PC,,0,,0,,,,,,,,,,не найден,,,,,,,,,,,поиск не дал подходящих роликов,https://www.metacritic.com/game/the-gokturk-caravan/,https://video.akamai.steamstatic.com/store_trailers/5213320/131615008/1e794db2d33b8cadfe73e53eb45ce3b4f9bd886b/1788339961/hls_264_master.m3u8?t=1788897187,https://shared.akamai.steamstatic.com/store_item_assets/steam/apps/5213320/b2b155754c667b0f7ffb3ab0e97701a618fd1f57/header.jpg?t=1788899632,2026-09-16 10:43
the-last-15-minutes-on-tau-alpha-7,The Last 15 Minutes on Tau Alpha 7,2026-09-14,,FPS,Over The Moon,Over The Moon,PC,,0,,0,,,,,,,,,,не найден,,,,,,,,,,,поиск не дал подходящих роликов,https://www.metacritic.com/game/the-last-15-minutes-on-tau-alpha-7/,https://video.akamai.steamstatic.com/store_trailers/5062180/270369078/2f7c81cde112a9a3c31bb3e7df872e12aba0ee48/1786595545/hls_264_master.m3u8?t=1787611308,https://www.metacritic.com/a/img/catalog/provider/6/12/6-1-1275864-52.jpg,2026-09-16 19:37
the-laundry-that-wont-open,The Laundry That Won't Open.,2026-09-14,,First-Person Adventure,bunsan,bunsan,PC,,0,,0,,,,,,,,,,не найден,,,,,,,,,,,поиск не дал подходящих роликов,https://www.metacritic.com/game/the-laundry-that-wont-open/,https://video.akamai.steamstatic.com/store_trailers/4742180/93059420/5794c4c0d165bb5361d57c10c3e437ced8fd947e/1786432193/hls_264_master.m3u8?t=1786433111,https://www.metacritic.com/a/img/catalog/provider/6/12/6-1-1244275-52.jpg,2026-09-16 19:25
the-listener,The Listener,2026-09-14,,Adventure,False Start,ARTFX - GAME,PC,,0,,0,,,,,,,,,,готов,https://www.youtube.com/watch?v=79bdjEVsEc8,Icee Flame101,48608,12.0,en,Whisper,"Блогер делится впечатлениями от игры The Listener, концентрируясь на поведении главного антагониста — Listener. Основное внимание уделяется механике перемещения врага, его способности разрушать двери при рывке и тому, как он реагирует на звуки, создаваемые игроком. Блогер отмечает пугающую атмосферу и специфические визуальные эффекты, такие как «галлюцинации» дверей.","Блогер отмечает, что игра обладает напряженной атмосферой и интересными механиками взаимодействия с Listener, особенно в плане реакции монстра на шум и его способности пробивать препятствия. Несмотря на периодические баги, из-за которых враг застревает в стенах или фонтанах, игра производит сильное впечатление.",Враг способен разрушать двери при рывке; Пугающая атмосфера игры; Наличие визуальных эффектов в виде галлюцинаций,Враг иногда застревает в окружении или объектах,,https://www.metacritic.com/game/the-listener/,https://video.akamai.steamstatic.com/store_trailers/4840240/900797835/7081b0f77248c49db60b03a3bd4e191f9cc37ce5/1782200998/hls_264_master.m3u8?t=1788435699,https://www.metacritic.com/a/img/catalog/provider/6/12/6-1-1280872-52.jpg,2026-09-16 19:37
the-night-shift,The Night Shift,2026-09-14,,Adventure,thetaa7,thetaa7,PC,,0,,0,,,,,,,,,,готов,https://www.youtube.com/watch?v=bm8T0oD633E,KingWoolz Games,167711,113.0,en,Whisper,"В серии роликов блогер Donut Panic знакомится с демо-версией и полным прохождением игры The Night Shift. Автор оценивает проект как качественный инди-хоррор, уделяя внимание визуальному стилю, механике приготовления еды и атмосфере игры.","Блогер в восторге от The Night Shift, называя её потенциально лучшей игрой в жанре simulator horror благодаря плавности геймплея и удачному балансу между юмором и сюжетом. Несмотря на некоторые сложности с управлением и странности интерьера дома, общее впечатление от проработки деталей и системы аномалий осталось крайне положительным.",высокое качество инди-игры; качественный визуальный стиль; проработка игры в целом; интересная система галлюцинаций; уникальные аномалии,сложность в соблюдении точности декораций; недостаточное объяснение некоторых механик; странный интерьер дома,,https://www.metacritic.com/game/the-night-shift/,https://video.akamai.steamstatic.com/store_trailers/5140820/1933758819/de1628799545dc9ece17b5bf1d4e0e5322e39819/1787264078/hls_264_master.m3u8?t=1788177734,https://www.metacritic.com/a/img/catalog/provider/6/12/6-1-1279651-52.jpg,2026-09-16 19:37
the-plant-shop,The Plant Shop,2026-09-16,,First-Person Adventure,Tori,Tori,PC,,0,,0,,,,,,,,,,готов,https://www.youtube.com/watch?v=4wAOIxr15-Y,BamBamsLife,64,19.7,en,Whisper,"Блогер делится впечатлениями от демоверсии The Plant Shop, отмечая приятную атмосферу и интересные механики управления магазином. Он хвалит визуальный стиль игры, сравнивая его с Photomaly, и отмечает наличие режима бесконечного прохождения. Однако основной критикой является слишком короткая продолжительность демоверсии, из-за которой блогеру не удалось полноценно прочувствовать элементы хоррора. Несмотря на это, он выражает искренний интерес к полноценному релизу и уже добавил игру в свой список желаемого.","The Plant Shop — это интригующая инди-игра с приятной эстетикой и интересным геймплеем управления магазином. Хотя демоверсия оказалась слишком короткой, чтобы полностью раскрыть потенциал хоррора, игра оставляет приятное послевкусие и желание увидеть полноценный релиз с расширенным сюжетом и новыми механиками.",атмосферный и крутой визуальный стиль; наличие режима бесконечного прохождения; удобство взаимодействия с объектами; интересные механики и прогрессия,слишком короткая продолжительность демоверсии; недостаточно выраженные элементы хоррора; неидеальный перевод из-за иностранных разработчиков,,https://www.metacritic.com/game/the-plant-shop/,https://video.akamai.steamstatic.com/store_trailers/4140530/1443100573/cec79df23808e8800a2381411e3e0e88d29ae64a/1763728787/hls_264_master.m3u8?t=1765267116,https://www.metacritic.com/a/img/catalog/provider/6/12/6-1-1188168-52.jpg,2026-09-16 10:28
the-solyanis-code,The Solyani's Code,2026-09-15,,Action Adventure,ANGames,ANGames,PC,,0,,0,,,,,,,,,,не найден,,,,,,,,,,,поиск не дал подходящих роликов,https://www.metacritic.com/game/the-solyanis-code/,https://video.akamai.steamstatic.com/store_trailers/341100/2038163941/15f78524b2d323cf2dfd10c257f28c47e50b91bc/1787570688/hls_264_master.m3u8?t=1787571077,https://www.metacritic.com/a/img/catalog/provider/6/12/6-1-1208177-52.jpg,2026-09-16 11:11
tidy-up-history,Tidy Up History,2026-09-16,,Simulation,Casual Human,Casual Human,PC,,0,,0,,,,,,,,,,не найден,,,,,,,,,,,среди роликов нет летсплеев,https://www.metacritic.com/game/tidy-up-history/,https://video.akamai.steamstatic.com/store_trailers/4870430/320912656/ba6bb2c1f9af688becb71b396da0aeefb55c5126/1783504714/hls_264_master.m3u8?t=1783508381,https://www.metacritic.com/a/img/catalog/provider/6/12/6-1-1256011-52.jpg,2026-09-16 11:00
tidy-or-treat,Tidy or Treat,2026-09-16,,Simulation,Luriel,Luriel,PC,,0,,0,,,,,,,,,,не найден,,,,,,,,,,,среди роликов нет летсплеев,https://www.metacritic.com/game/tidy-or-treat/,https://video.akamai.steamstatic.com/store_trailers/4746530/1253568290/82069edb4da92d6735c51fd7f254880aee204e24/1789268896/hls_264_master.m3u8?t=1789269080,https://www.metacritic.com/a/img/catalog/provider/6/12/6-1-1278216-52.jpg,2026-09-16 11:00
tinker-shot,Tinker Shot,2026-09-16,,Action,CodeRed,Rogue Duck Interactive,PC,,0,,0,,,,,,,,,,готов,https://www.youtube.com/watch?v=Ne-NCdMzjtY,Angory Tom,30488,34.7,en,Whisper,"Блогер делится впечатлениями от демо-версии Tinker Shot, в которой он играет за мага. Основное внимание уделяется механике создания и модификации заклинаний, а также тактическому планированию боя. Блогер отмечает интересные возможности кастомизации способностей, такие как урон, ricochet, притяжение и создание клонов, однако иногда выражает сомнения в эффективности некоторых механик (например, Love Bomb) и балансе определенных модификаторов.","Tinker Shot предлагает увлекательный процесс создания собственных заклинаний с различными модификаторами, что дает игроку чувство контроля над магией. Блогеру понравились механики рикошета, призыва и заморозки, хотя он отметил наличие некоторых слабых или неудачных комбинаций способностей. Игра демонстрирует интересный геймплейный цикл, где важно правильно комбинировать эффекты для преодоления препятствий и победы над врагами.",Интересная механика создания и модификации заклинаний; Приятно реализованный эффект рикошета; Удобная и полезная механика создания призываемых существ; Полезная механика пробития твердых объектов; Эффектная механика заморозки,Некоторые модификаторы кажутся неэффективными или имеют плохую синергию; Неочевидная или слабая эффективность механики Love Bomb; Неприятный звук при призыве существ; Неприятные ограничения на работу модификаторов,,https://www.metacritic.com/game/tinker-shot/,https://video.akamai.steamstatic.com/store_trailers/3351280/1397082891/92f500d2e184c8ef15139a018efe73440d4a558e/1762926216/hls_264_master.m3u8?t=1762926983,https://www.metacritic.com/a/img/catalog/provider/6/12/6-1-1072011-52.jpg,2026-09-16 10:28
tiny-farmie,Tiny Farmie,2026-09-16,,Virtual Life,Tudou Tree,Tudou Tree,PC,,0,,0,,,,,,,,,,не найден,,,,,,,,,,,поиск не дал подходящих роликов,https://www.metacritic.com/game/tiny-farmie/,https://video.akamai.steamstatic.com/store_trailers/4570680/590799910/5e76201e64fc9f703aed62b2a10f4be2ee59da53/1779895029/hls_264_master.m3u8?t=1779895716,https://www.metacritic.com/a/img/catalog/provider/6/12/6-1-1226642-52.jpg,2026-09-16 10:28
tocotoco,TocoToco,2026-09-15,,2D Platformer,Napoterulle,Napoterulle,PC,,0,,0,,,,,,,,,,готов,https://www.youtube.com/watch?v=lhYh2a3GLA8,Jaydeep Plays,6393,25.0,hi,Whisper,"Блогер демонстрирует возможности существа TocoToco в игре Palworld, фокусируясь на его боевых характеристиках и эффективности в сражениях с боссами. Он подробно описывает процесс получения, улучшения и прокачки TocoToco, а также показывает его способность наносить значительный урон и побеждать сильных противников, включая боссов.","Блогер впечатлен мощью TocoToco, называя его очень сильным существом, способным справляться с серьезными противниками. Несмотря на необходимость в ресурсах для улучшения, он считает его отличным выбором для боя.",высокие характеристики атаки и защиты; эффективность в бою против боссов; мощный урон,необходимость в использовании дополнительных ресурсов для улучшения,,https://www.metacritic.com/game/tocotoco/,https://video.akamai.steamstatic.com/store_trailers/4592150/1656501599/7552120353711fe6eb6d7da959c00542b0958a99/1783855060/hls_264_master.m3u8?t=1783855352,https://www.metacritic.com/a/img/catalog/provider/6/12/6-1-1225364-52.jpg,2026-09-15 18:15
toms-last-adventure,Tom's Last Adventure,2026-09-15,,2D Platformer,Flying Frog Studios,Flying Frog Studios,PC,,0,,0,,,,,,,,,,не найден,,,,,,,,,,,поиск не дал подходящих роликов,https://www.metacritic.com/game/toms-last-adventure/,https://video.akamai.steamstatic.com/store_trailers/5128050/814394256/454984ed5bd662c47bc8700709f3d54b789f823a/1787508646/hls_264_master.m3u8?t=1787923933,https://www.metacritic.com/a/img/catalog/provider/6/12/6-1-1277733-52.jpg,2026-09-16 14:00
tower-craft,Tower Craft,2026-09-15,,Defense,EZY Studios,EZY Studios,PC,,0,,0,,,,,,,,,,не найден,,,,,,,,,,,среди роликов нет летсплеев,https://www.metacritic.com/game/tower-craft/,https://video.akamai.steamstatic.com/store_trailers/4025930/1027537558/df7802d81fc0190debc4735207b3081f705390e3/1786210398/hls_264_master.m3u8?t=1786731510,https://www.metacritic.com/a/img/catalog/provider/6/12/6-1-1270973-52.jpg,2026-09-16 15:00
train-sim-world-7,Train Sim World 7,2026-09-15,,Train Sim,Dovetail Games,Dovetail Games,PC,,0,,0,,,,,,,,,,готов,https://www.youtube.com/watch?v=FQ1g5DgsMY0,Daggerwin,44008,49.2,en,Whisper,"В данном ролике блогер знакомится с Train Sim World 7, демонстрируя прохождение сценариев на маршрутах в Великобритании и США. Автор оценивает механику управления поездами, систему динамической погоды и визуальное исполнение симуляции. Основное внимание уделяется погружению в процесс работы машиниста и детальной проработке окружения.","Блогер остался доволен игрой, отметив её высокую степень реализма, приятную атмосферу и качество проработки деталей. Несмотря на сложности с точным торможением и соблюдением графика, автор оценил проект как отличный и аутентичный симулятор.",высокая степень погружения; реалистичная вода; красивые пейзажи; высокий уровень реализма; приятный звук путей,Сложность точного торможения и соблюдения графика; небольшой размер интерфейса (HUD),,https://www.metacritic.com/game/train-sim-world-7/,https://video.akamai.steamstatic.com/store_trailers/4678800/1941613200/ca70cdba35e748068713819123ce027d273c81e5/1788854978/hls_264_master.m3u8?t=1789491623,https://www.metacritic.com/a/img/catalog/provider/6/12/6-1-1275490-52.jpg,2026-09-16 15:00
trumps-of-albion,Trumps Of Albion,2026-09-15,,Card Battle,Ka Yan Liu,Ka Yan Liu,PC,,0,,0,,,,,,,,,,не найден,,,,,,,,,,,поиск не дал подходящих роликов,https://www.metacritic.com/game/trumps-of-albion/,https://video.akamai.steamstatic.com/store_trailers/5173810/388765509/19ca1109f5aa2847131d04ea9de9a89d647395c6/1787928354/hls_264_master.m3u8?t=1788243275,https://www.metacritic.com/a/img/catalog/provider/6/12/6-1-1279631-52.jpg,2026-09-16 14:00
two-point-hospital-full-health-collection,Two Point Hospital: Full Health Collection,2026-09-16,E10+,Tycoon,Two Point Studios,Sega,PlayStation 5,,0,,0,,,,,,,,,,не найден,,,,,,,,,,,поиск не дал подходящих роликов,https://www.metacritic.com/game/two-point-hospital-full-health-collection/,https://cdn.jwplayer.com/players/aayAxMJV.html,https://www.metacritic.com/a/img/catalog/provider/6/12/6-1-1261327-17.jpg,2026-09-16 11:00
vhs-nights-the-tidy-up-shift,VHS Nights: The Tidy Up Shift,2026-09-16,,Virtual Career,Isolated Gamerz,Isolated Gamerz,PC,,0,,0,,,,,,,,,,не найден,,,,,,,,,,,поиск не дал подходящих роликов,https://www.metacritic.com/game/vhs-nights-the-tidy-up-shift/,https://video.akamai.steamstatic.com/store_trailers/5053880/1423405412/52f736c4e693284b96e08442c21befde635f38dc/1787359724/hls_264_master.m3u8?t=1787360455,https://www.metacritic.com/a/img/catalog/provider/6/12/6-1-1271671-52.jpg,2026-09-16 10:43
veridus-the-walking-nightmare,Veridus The Walking Nightmare,2026-09-16,,Top-Down Shoot-'Em-Up,MagicCraft,MagicCraft,PC,,0,,0,,,,,,,,,,не найден,,,,,,,,,,,поиск не дал подходящих роликов,https://www.metacritic.com/game/veridus-the-walking-nightmare/,https://video.akamai.steamstatic.com/store_trailers/5105480/887009037/ff10d404762e323f76318203abeea3b98b0afb38/1788799808/hls_264_master.m3u8?t=1788800895,https://www.metacritic.com/a/img/catalog/provider/6/12/6-1-1280877-52.jpg,2026-09-16 11:00
watt-fur-animal-power-plant,WATT FUR? Animal Power Plant,2026-09-15,,Tycoon,Mimosa Works,Mimosa Works,PC,,0,,0,,,,,,,,,,не найден,,,,,,,,,,,поиск не дал подходящих роликов,https://www.metacritic.com/game/watt-fur-animal-power-plant/,https://video.akamai.steamstatic.com/store_trailers/4974950/2107904461/3b2170069d6a50851c22780951b3d4afbce1dd5c/1787889383/hls_264_master.m3u8?t=1788398282,https://www.metacritic.com/a/img/catalog/provider/6/12/6-1-1280715-52.jpg,2026-09-16 15:00
we-are-football-2027,WE ARE FOOTBALL 2027,2026-09-16,,Soccer Management,Winning Streak Games GmbH,Winning Streak Games GmbH,PC,,0,,0,,,,,,,,,,готов,https://www.youtube.com/watch?v=FvIpUJSEpLU,TrainCityDaniel,3263,34.5,de,Whisper,"Блогер знакомит зрителей с предварительной версией WE ARE FOOTBALL 2027, демонстрируя основные изменения, новые режимы и функционал. Он подробно рассматривает интерфейс, систему выбора лиг, настройки тренировок, финансовые инструменты и возможности управления стадионом. Особое внимание уделяется новым фичам, таким как режим игры без бюджета, возможность создания собственного клуба и расширенные настройки для фанатов. Блогер отмечает визуальное качество 3D-объектов и глубину проработки некоторых систем.","Блогер демонстрирует WE ARE FOOTBALL 2027 как качественное развитие серии с множеством новых инструментов для управления клубом и визуальными улучшениями. Несмотря на отсутствие лицензий на стадионы, игра предлагает глубокие механики, такие как управление финансами, развитие инфраструктуры и расширенные настройки для фанатов, что делает её привлекательной для любителей футбольных менеджеров.","Появление поддержки нескольких языков, включая немецкий, английский и французский.; Наличие режима игры без бюджета, который был реализован благодаря сообществу.; Впечатляющий визуальный стиль 3D-объектов и зданий.; Новая организация запасной скамейки в интерфейсе.",Отсутствие лицензий на оригинальные стадионы.,,https://www.metacritic.com/game/we-are-football-2027/,https://video.akamai.steamstatic.com/store_trailers/4328570/1033287757/44c393b053958be6e4a3afa71cafeccdac29f984/1788708370/hls_264_master.m3u8?t=1788710074,https://www.metacritic.com/a/img/catalog/provider/6/12/6-1-1218628-52.jpg,2026-09-16 11:00
wait-cards-i-memorized,"Wait, Cards I Memorized?",2026-09-14,,Edutainment,Odd&YangNa,Odd&YangNa,PC,,0,,0,,,,,,,,,,не найден,,,,,,,,,,,поиск не дал подходящих роликов,https://www.metacritic.com/game/wait-cards-i-memorized/,,https://www.metacritic.com/a/img/catalog/provider/6/12/6-1-1279646-52.jpg,2026-09-16 19:37
welcome-to-mars-9,Welcome To Mars 9,2026-09-16,,Point-and-Click,Sonomio Games,Sonomio Games,PC,,0,,0,,,,,,,,,,готов,https://www.youtube.com/watch?v=Mu51nyfyXPs,NivPlaysIndieGames,64,11.6,en,Whisper,"Блогер делится впечатлениями от демоверсии Welcome To Mars 9, отмечая атмосферу таинственности и интересный сеттинг космической станции. Он хвалит удобство перемещения по локациям и визуальную составляющую, а также отмечает динамику повествования. Блогер отмечает, что демоверсия довольно короткая, но считает это преимуществом, так как он ценит лаконичные демо-игры. В заключении он выражает интерес к продолжению истории и надеется, что искусственный интеллект в игре не окажется злодейским.","Блогер остался доволен демоверсией Welcome To Mars 9, отметив её атмосферу и удобство механик. Несмотря на краткость прохождения, он выразил заинтересованность в основной игре.",удобная система перемещения по станции; приятная визуальная составляющая; хороший темп повествования; лаконичность демоверсии,,,https://www.metacritic.com/game/welcome-to-mars-9/,https://video.akamai.steamstatic.com/store_trailers/2434330/1438797670/25522f0471bea272706bd15383ba94ef7e0e5377/1780388448/hls_264_master.m3u8?t=1780388893,https://www.metacritic.com/a/img/catalog/provider/6/12/6-1-939425-52.jpg,2026-09-16 10:28
woodo,Woodo,2026-09-16,,Puzzle,Tiny Monks Tales,Daedalic Entertainment,PC,,0,,0,,,,,,,,,,готов,https://www.youtube.com/watch?v=Hs7GeOrQt7M,TheFlluffyDen,9,46.6,en,Whisper,"Блогер делится впечатлениями от демоверсии Woodo, описывая её как очень простую, креативную и невероятно расслабляющую игру. Основной геймплей строится на сборке пазлов в декорациях деревянных диорам. Автор отмечает уникальность концепции, сравнивает атмосферу с игрой Cozy Caravan и выражает желание поиграть в проект на Nintendo Switch. Несмотря на то, что некоторые пазлы вызвали трудности, блогер остался в восторге от визуального стиля и общего настроения игры.","Блогер крайне положительно оценивает Woodo, рекомендуя её на 100% за уникальность, милый стиль и расслабляющий геймплей. Несмотря на периодические трудности с поиском нужных деталей, автор считает игру очень приятной и качественной.",уникальный и креативный геймплей; расслабляющая атмосфера; приятная графика и визуальный стиль; плавная работа игры; интересная система прогрессии и карты,сложность некоторых пазлов,,https://www.metacritic.com/game/woodo/,https://video.akamai.steamstatic.com/store_trailers/2572040/677630058/0f75b129aa6753052d77385084fc78d739cc4571/1789568362/hls_264_master.m3u8?t=1789570108,https://www.metacritic.com/a/img/catalog/provider/6/12/6-1-963018-52.jpg,2026-09-16 11:00
wortgewandt,Wortgewandt,2026-09-16,,Logic Puzzle,RealAres,AresWorks,PC,,0,,0,,,,,,,,,,не найден,,,,,,,,,,,xpM7QzNbAqk: в ролике нет мнения блогера об игре,https://www.metacritic.com/game/wortgewandt/,https://video.akamai.steamstatic.com/store_trailers/4832860/1759732200/b5bfc4b0b417c711888880703c5935eea45325de/1788039026/hls_264_master.m3u8?t=1788121204,https://www.metacritic.com/a/img/catalog/provider/6/12/6-1-1264429-52.jpg,2026-09-16 10:43
lemon-cat,lemon cat,2026-09-15,,Puzzle,zhangmeng,zhangmeng,PC,,0,,0,,,,,,,,,,не найден,,,,,,,,,,,среди роликов нет летсплеев,https://www.metacritic.com/game/lemon-cat/,https://video.akamai.steamstatic.com/store_trailers/5188950/769266464/4009af5e7f20b06b91952177758704009ec72e0b/1788334501/hls_264_master.m3u8?t=1789101995,https://www.metacritic.com/a/img/catalog/provider/6/12/6-1-1283475-52.jpg,2026-09-16 14:00
