slug,название,статус,ссылка,канал,просмотры,длительность (мин),опубликован,язык,расшифровка,попыток,о чём ролик,итог,блогер хвалит,блогер ругает,ошибка,обновлено
5-in-1-arcade-vault,5 in 1 Arcade Vault,готов,https://www.youtube.com/watch?v=fXX5Foe2G1Q,K4rn4ge,73,32.0,2 weeks ago,en,Whisper,1,"Блогер знакомит зрителей с 5 in 1 Arcade Vault — сборником из пяти различных аркадных игр, доступных на Xbox One, Xbox Series и Windows. В ходе прохождения он оценивает каждую мини-игру, комментируя управление, механику получения достижений и общую сложность. Блогер отмечает, что некоторые элементы управления могут быть непривычными, а описание условий получения достижений — недостаточно подробным.","Блогер считает 5 in 1 Arcade Vault неплохой подборкой аркадных игр, где некоторые режимы ощущаются приятно, а другие могут вызвать легкое раздражение из-за специфики управления или отсутствия четких инструкций к достижениям.",удобное управление в некоторых режимах; простая и понятная механика в режиме twin-stick shooter; приятная механика в режиме shmup,"неудобная необходимость постоянно нажимать кнопку стрельбы вместо удержания; недостаточно понятные условия получения достижений; неудобная цветовая индикация, которая может быть проблемой для людей с цветовой слепотой; неудобная механика появления врагов прямо на игроке",,2026-09-16 15:02
771,771,готов,https://www.youtube.com/watch?v=p4p9SqmDE9c,Niyeko,6306,64.9,Streamed 13 hours ago,en,Whisper,1,"Блогер делится своими впечатлениями от прохождения психологического хоррора 771, состоящего из семи уникальных сегментов. Основное внимание в ролике уделяется реакциям игрока на атмосферу, звуки и визуальные образы, а также многочисленным отступлениям на темы еды и аниме. Блогер отмечает довольно короткое прохождение основной части игры, что вызвало у него некоторое удивление.","Игра оставляет смешанные впечатления: с одной стороны, она успешно создает пугающую атмосферу и использует узнаваемые визуальные образы, но с другой — блогер был разочарован краткостью прохождения полной версии игры.",атмосфера игры напоминает Backrooms; наличие работающего фонарика,неприятный звук; недостаточное количество контента в полной версии игры,,2026-09-16 19:41
911-dispatcher-unknown-caller,911 Dispatcher: Unknown Caller,готов,https://www.youtube.com/watch?v=407cCjT6_Jk,setsuna ray,95,23.7,1 day ago,en,Whisper,1,"Блогер делится впечатлениями от прохождения хоррор-игры 911 Dispatcher: Unknown Caller. Он отмечает специфический визуальный стиль игры, напоминающий рабочий стол Windows XP, и отмечает наличие багов, таких как повторение старых звонков. В ходе прохождения блогер отмечает наличие скриптовых элементов, джампскейров и странных игровых механик, в итоге называя игру шуточной.","Блогер считает игру скорее шуточной из-за странных механик и нелепых моментов, несмотря на попытку создать атмосферу хоррора.",Интересная механика движения камеры,Устаревший визуальный стиль; Наличие багов в системе; Скриптовые и нелогичные моменты,,2026-09-16 19:12
a-decent-farewell,A Decent Farewell,не найден,,,,,,,,1,,,,,поиск не дал подходящих роликов,2026-09-16 10:20
a-game-about-flipping-cards,A Game About Flipping Cards,не найден,,,,,,,,1,,,,,поиск не дал подходящих роликов,2026-09-16 11:14
a-graveyard-shift,A Graveyard Shift,готов,https://www.youtube.com/watch?v=H3OH8gUYTZ0,Live Insaan,4735652,65.4,2 years ago,hi,Whisper,1,"Блогер делится впечатлениями от прохождения хоррор-игры A Graveyard Shift, где он исполняет роль ночного охранника на кладбище. Он отмечает атмосферу игры, сравнивая визуальный ряд с эффектом полного погружения, и описывает процесс выполнения различных задач: от проверки камер видеонаблюдения до поиска предметов и борьбы с демоническими сущностями. Блогер эмоционально реагирует на пугающие моменты, включая появление монахини и внезапные скримеры, а также комментирует технические аспекты, такие как баги и изменения в окружении.","Блогер в целом остался доволен игрой, отметив её атмосферу и динамику прохождения. Несмотря на некоторые технические проблемы, он признает, что получил удовольствие от процесса.",Визуальное погружение в атмосферу кладбища; Наличие системы видеонаблюдения для проверки территории; Наличие системы выполнения задач; Интересное взаимодействие с предметами и окружением,Наличие технических ошибок и багов; Неожиданное изменение условий игры (замена замков),,2026-09-16 19:14
afk-army-for-keyboard,AFK - Army For Keyboard,не найден,,,,,,,,1,,,,,поиск не дал подходящих роликов,2026-09-16 11:02
akiba-lost,AKIBA LOST,не найден,,,,,,,,1,,,,,hGwRFIY4X5g: мало речи блогера (0 символов в минуту); EaicQmgCb9E: мало речи блогера (33 символов в минуту),2026-09-16 10:40
ares-the-iron-vanguard,ARES: THE IRON VANGUARD,готов,https://www.youtube.com/watch?v=rJaIe0RGeQU,Lein Xceed,40673,17.5,1 month ago,id,Whisper,2,"Блогер делится впечатлениями от выхода ARES: THE IRON VANGUARD в Индонезии. Он отмечает, что игра основана на старом проекте, и оценивает её как качественную MMORPG с элементами мехи и магией. Блогер хвалит глубокую систему кастомизации персонажей, визуальный стиль и наличие различных классов, но при этом предупреждает о высокой технической сложности игры для мобильных устройств и довольно дорогой системе монетизации.","ARES: THE IRON VANGUARD — это масштабная MMORPG с глубокой кастомизацией и интересными механиками смены классов. Несмотря на визуально привлекательный стиль и качественный контент, игра может быть требовательной к железу на мобильных устройствах и обладает довольно высокой стоимостью внутриигровых покупок.",Детальная настройка внешности персонажа; Возможность изменять параметры тела персонажа; Качественный пролог для мобильной игры; Интересное сочетание магических способностей и механики мехов; Наличие системы смены классов во время боя,Высокие системные требования для мобильных устройств; Наличие просадок кадров (frame drops); Дорогая система монетизации и цены на внутриигровые товары,,2026-09-16 10:29
active-matter,Active Matter,готов,https://www.youtube.com/watch?v=ZM3geD7WANA,martincitopantsLIVE,739770,37.2,10 months ago,en,Whisper,1,"Блогер проходит игру Active Matter в кооперативном режиме, исследуя её мир и взаимодействуя с различными механиками. На протяжении всего ролика он оценивает динамику процесса, элементы выживания и способы взаимодействия с окружением.","Блогер остался доволен Active Matter, отметив её пугающую атмосферу и интересные игровые механики, несмотря на некоторые сложности с навигацией и уровень шума.",атмосфера игры; возможность управлять транспортными средствами; качество окружающей среды; механика антигравитационных аномалий; Разнообразная музыка в лобби,высокий уровень шума в игре; Ловушки на полу могут быть труднозаметными; Урон от падения,,2026-09-16 15:03
after-dark-jigsaw,After Dark Jigsaw,не найден,,,,,,,,1,,,,,поиск не дал подходящих роликов,2026-09-16 19:37
alex-and-arty,Alex & Arty,готов,https://www.youtube.com/watch?v=5ONG8kaqVXc,XP Kolik,23,58.4,5 months ago,tr,Whisper,1,"Блогер протестировал демоверсию игры Alex & Arty. Он отмечает наличие интересных механик, таких как способности Burst Shutter и системы очистки территорий, однако часто сталкивается с техническими проблемами, включая баги и некорректное поведение персонажей. Несмотря на визуальную привлекательность и интересные элементы геймплея, блогер сомневается в необходимости дальнейшего прохождения демоверсии из-за отсутствия прогрессии в текущем формате.","Блогер остался доволен демоверсией Alex & Arty, отметив её визуальную составляющую и интересные механики, такие как Burst Shutter. Однако частые баги, проблемы с управлением персонажами и запутанные маршруты к целям несколько испортили впечатление. В итоге автор решил не продолжать игру дальше, так как в рамках демоверсии прогрессия ограничена.",эффектные способности для сражения с боссами; приятная визуальная составляющая; удобная механика очистки территории,технические ошибки и баги; некорректное поведение персонажей и сложность управления; неудобная навигация и путь к целям,,2026-09-16 10:40
ancient-chinese-grand-strategy,Ancient Chinese Grand Strategy,не найден,,,,,,,,1,,,,,поиск не дал подходящих роликов,2026-09-16 19:34
aniimo,Aniimo,готов,https://www.youtube.com/watch?v=00I2O7Wrrbs,Dattrax Gaming,1239939,46.5,1 year ago,hi,Whisper,1,"Блогер делится впечатлениями от игры Aniimo, которую он тестирует в режиме бета-доступа. Он выражает восторг от визуальной составляющей игры, графики и разнообразия существ, сравнивая их с Pokemon. Блогер отмечает наличие системы прокачки, обучения и взаимодействия с персонажами, а также отмечает масштаб карты. Несмотря на некоторые технические огрехи и сложности в управлении, он в целом очень доволен игрой и рекомендует её к ознакомлению.","Блогер крайне впечатлен Aniimo, называя её «безумно красивой» игрой с отличной графикой. Ему очень понравились существа, напоминающие Pokemon, и возможность исследовать огромный мир. Несмотря на небольшие трудности с управлением, он получил массу удовольствия от процесса и с нетерпением ждет продолжения приключений.",Высокое качество графики и визуального стиля; Приятная внешность и детализация существ; Красивый и детализированный мир; Разнообразие видов животных; Интересные механики взаимодействия и способностей,Сложности с управлением и случайные действия персонажа; Некоторые механики могут казаться затянутыми или повторяющимися,,2026-09-16 10:15
another-eden-begins,Another Eden Begins,готов,https://www.youtube.com/watch?v=SzaJHMm_OFA,Lein Xceed,47828,73.0,13 days ago,id,Whisper,1,"Блогер делится своими первыми впечатлениями от Another Eden Begins, отмечая переход игры из мобильного формата в премиум-сегмент на ПК. Он отмечает улучшенную графику по сравнению с оригинальной мобильной версией, но выражает сомнения по поводу высокой стоимости игры. В ходе прохождения он оценивает боевую систему, систему прокачки способностей и визуальные эффекты анимаций, а также отмечает наличие системы кодекса для сбора информации.","Блогер отмечает, что Another Eden Begins выглядит значительно лучше мобильной версии за счет более плавной графики и качественного освещения. Ему понравились анимации способностей и система кодекса, однако он считает игру дорогой для своего формата. Несмотря на некоторые технические нюансы, такие как статичные аватары или проблемы с видимостью карты в определенных зонах, игра производит приятное первое впечатление.",Более плавная графика по сравнению с мобильной версией; Хорошее освещение в игре; Красивые визуальные эффекты анимаций; Удобная система кодекса для сбора информации,Высокая цена игры и наличие платных дополнений; Статичные аватары в интерфейсе; Непросто ориентироваться на карте в подземельях,,2026-09-16 10:13
are-you-chicken,Are You Chicken?,не найден,,,,,,,,1,,,,,поиск не дал подходящих роликов,2026-09-16 19:43
arrow-card-arena,Arrow Card Arena,не найден,,,,,,,,1,,,,,поиск не дал подходящих роликов,2026-09-15 18:16
art-rally-simulator,Art Rally Simulator,не найден,,,,,,,,1,,,,,поиск не дал подходящих роликов,2026-09-16 15:03
ashworth,Ashworth,готов,https://www.youtube.com/watch?v=uNQdmirWxjc,Landon Ashworth,6681,11.5,2 years ago,en,Whisper,1,"Блогер тестирует комплект клюшек Bombtech, которые совершенно не подходят ему по техническим характеристикам: они слишком короткие, имеют неправильную жесткость шафта и не привычный ему тип проставки (forgiveness). Несмотря на это, он отмечает, что клюшки хорошо себя показали, и ему удалось забить минус в игру. Блогер подчеркивает, что играть на таком оборудовании крайне сложно из-за необходимости полностью менять технику взмаха.","Блогер отмечает, что играть на клюшках, которые не соответствуют его параметрам, крайне сложно, и ему пришлось сильно менять технику взмаха. Однако он признает, что комплект Bombtech справился с задачей, позволив ему забить минус в игру.",Клюшки хорошо себя показали в игре; Клюшки выглядят красиво,Клюшки не подходят по длине; Неправильная жесткость шафта; Очень высокая сложность игры на незнакомом оборудовании; Неудобные для блогера рукоятки,,2026-09-16 11:04
assassin-seek,Assassin Seek,не найден,,,,,,,,1,,,,,поиск не дал подходящих роликов,2026-09-16 19:13
avalonclash,AvalonClash,не найден,,,,,,,,1,,,,,поиск не дал подходящих роликов,2026-09-16 19:32
axiomatik,Axiomatik,не найден,,,,,,,,1,,,,,среди роликов нет летсплеев,2026-09-16 10:40
blackwood,BLACKWOOD,готов,https://www.youtube.com/watch?v=BqHxqv8uOHg,WavezWRLD,29268,10.5,5 days ago,en,Whisper,2,"Блогер считает BLACKWOOD крайне интересной игрой благодаря её уникальной концепции: контрасту между повседневной жизнью владельца магазина DVD и деятельностью наемного убийцы. Он отмечает, что игра не пытается переизобрести жанр шутера, а фокусируется на синергии двух разных игровых циклов — симулятора жизни и кинематографичного экшена. Блогеру особенно импонирует идея «двойной жизни» героя, где рутинные действия имеют сюжетное значение и влияют на прогрессию.","BLACKWOOD выделяется на фоне других игр за счет смелого сочетания симулятора магазина и экшена. Блогер высоко оценивает проработку механик, где управление бизнесом напрямую влияет на прогрессию и идентичность персонажа. Игра успешно передает атмосферу двойной жизни, делая каждый момент — от продажи DVD до кровавых контрактов — значимым для истории.","Интересная концепция контраста между двумя разными жизнями героя; Глубокая и продуманная система экономики с разделением на «чистые» и «грязные» деньги; Качественная боевая система с упором на движения и реалистичные анимации добиваний; Необычный подход к сюжету, где рутинные моменты являются важной частью повествования",,,2026-09-16 18:44
blind-spot-kyle-simpson,BLIND SPOT (Kyle Simpson),не найден,,,,,,,,1,,,,,поиск не дал подходящих роликов,2026-09-15 15:58
brazilian-drug-dealer-before-4-demons-from-the,BRAZILIAN DRUG DEALER BEFORE 4: DEMONS FROM THE PORTAL TO HELL I OPENED ARE STILL IN THE FAVELA AND NOW I HAVE TO SAVE MAMADAS FROM RONALDO,не найден,,,,,,,,1,,,,,поиск не дал подходящих роликов,2026-09-16 10:37
btr-ringfall,BTR Ringfall,не найден,,,,,,,,1,,,,,поиск не дал подходящих роликов,2026-09-15 18:23
batomon-showdown,Batomon Showdown,готов,https://www.youtube.com/watch?v=Z5i7w4T8MSU,Retromation,72288,29.8,3 months ago,en,Whisper,1,"Блогер делится впечатлениями от демо-версии Batomon Showdown, описывая её как автобатлер с тематикой коллекционирования существ, напоминающий Pokemon. Он отмечает, что игра находится в «золотой середине» по уровню сложности: она сложнее, чем Super Auto Pets, но при этом обладает интересными механиками принятия решений и вариативностью забегов. Блогер очень доволен игрой, называя её подходящей именно для его стиля геймплея.","Блогеру очень понравилась игра, он считает её отличным автобатлером с глубокими механиками и приятной атмосферой.",удобное объединение показателей здоровья в одну полоску; интересные и крутые способности; подходящий уровень сложности; хорошая вариативность забегов; приятное ощущение от геймплея,недостаточная сложность некоторых механик; неожиданно низкая награда за достижение,,2026-09-15 18:16
bible-quiz-trivia-do-you-know-your-bible,Bible Quiz Trivia - Do you know your Bible?,не найден,,,,,,,,1,,,,,поиск не дал подходящих роликов,2026-09-16 10:44
bioeden,BioEden,готов,https://www.youtube.com/watch?v=ncXL8TLx0sM,Aliensrock,278888,30.1,12 days ago,en,Whisper,2,"В ролике блогер знакомится с процессом восстановления токсичной планеты в игре BioEden, где ему предстоит балансировать между промышленным развитием и экологическим восстановлением. Автор исследует механики создания биомов, управления ресурсами и размножения различных видов животных. На протяжении прохождения он оценивает систему прогрессии, исследование новых территорий и визуальные изменения ландшафта.","Блогер остался доволен игрой, отметив увлекательный цикл восстановления экосистемы и интересные взаимодействия между видами животных. Несмотря на сложности с балансировкой ресурсов и строгие ограничения системы рисков, визуальный прогресс и механики исследования приносят большое удовольствие.",Процесс исследования и размножения животных реализован интересно; Механика восстановления природы дает положительный результат; Визуальный стиль некоторых животных нравится блогеру; Интересное взаимодействие между видами животных; Приятно наблюдать за размножением животных,Развитие требует значительных затрат ресурсов; Рост промышленного развития негативно влияет на экологию; Увеличение уровня кризиса приводит к удорожанию строительства; Сложность балансировки строительства из-за системы рисков; Неудобство поиска определенных ресурсов,,2026-09-16 09:59
blackjack-simulator-2027,Blackjack Simulator 2027,не найден,,,,,,,,1,,,,,поиск не дал подходящих роликов,2026-09-16 19:13
blackout-murder,Blackout Murder,готов,https://www.youtube.com/watch?v=JqveHVulRV0,Librahprime,9,20.7,1 year ago,en,Whisper,1,"Блогер делится впечатлениями от прохождения игры Blackout Murder, которую он нашел на платформе itch.io. Он отмечает атмосферу игры, отмечая драматичную музыку и визуальные детали, такие как лунный свет и портреты. Блогер хвалит динамику игры и некоторые элементы взаимодействия, однако также отмечает проблемы с читаемостью текста из-за недостаточного освещения и некоторые моменты повествования, которые показались ему странными или затянутыми. В целом, он признает, что игра затягивает, несмотря на некоторые технические и дизайнерские нюансы.","Блогер считает игру интересной и атмосферной, отмечая её способность удерживать внимание игрока до самого конца. Несмотря на жалобы на освещение и некоторые странности в сценарии, он признает, что получил удовольствие от процесса.",драматичная музыка; атмосферные визуальные эффекты; интересное прохождение; приятные детали в окружении,плохая читаемость текста из-за темноты; неожиданно быстрое развитие событий; странные или нелепые моменты в сюжете,,2026-09-16 19:15
blood-lily-killers-cant-sink-a-yuri-ship,Blood Lily: Killers Can't Sink a Yuri Ship,готов,https://www.youtube.com/watch?v=Y8p4mCtf0wE,rinimt,257,28.3,2 weeks ago,en,Whisper,1,"Блогер делится впечатлениями от демоверсии игры Blood Lily: Killers Can't Sink a Yuri Ship. Он отмечает наличие большого количества деталей в сюжете, а также наличие системы диалогов и возможности исследования локаций. Блогер активно комментирует происходящее, выражая удивление и иронию по поводу поведения персонажей и закрученных событий.","Блогер оценивает игру как детально проработанную детективную историю с интересными механиками исследования и диалогов. Несмотря на некоторые замечания по поводу избыточности информации и поведения некоторых персонажей, он находит сюжетные повороты и атмосферу игры заслуживающими внимания.",Игра содержит много деталей; Наличие системы диалогов и исследования,Слишком много лишней информации; Недостаточное количество подсказок от персонажей,,2026-09-16 15:03
bloomkeeper,BloomKeeper,готов,https://www.youtube.com/watch?v=xcE0qRVE9wo,morifae,941,62.2,3 months ago,en,Whisper,1,"В данном ролике блогер проходит демоверсию игры BloomKeeper, оценивая её визуальный стиль и геймплейные механики. Автор исследует мир игры, управляя группой маленьких существ и взаимодействуя с окружением в спокойном темпе.","Блогер остался в восторге от игры, называя её невероятно милой, уютной и визуально приятной. Несмотря на некоторые сложности с управлением независимыми существами и появление «злых» версий, общее впечатление осталось крайне положительным.",Визуальный стиль игры очень красивый и приятный; Персонажи и существа в игре очень милые; Музыкальное сопровождение очень приятное и атмосферное; Приятный процесс управления и взаимодействия с существами; Геймплей спокойный и не слишком сложный,Управление существами может быть сложным из-за их независимости; Игроку бывает трудно удерживать группу в нужном направлении; Появление злых версий существ может вызвать недовольство,,2026-09-16 10:47
blue-sun-saga,Blue Sun Saga,не найден,,,,,,,,1,,,,,среди роликов нет летсплеев,2026-09-16 10:22
botsbeats,Bots&Beats,не найден,,,,,,,,1,,,,,поиск не дал подходящих роликов,2026-09-16 11:15
burrows-of-cairntir,Burrows of Cairntir,не найден,,,,,,,,1,,,,,среди роликов нет летсплеев,2026-09-16 19:41
bus-simulator-27,Bus Simulator 27,готов,https://www.youtube.com/watch?v=mTTURiczxP0,Vinesauce: The Full Sauce,71571,86.7,11 days ago,en,Whisper,2,"В этом видео Vinny знакомится с Bus Simulator 27, оценивая её как более проработанный проект в своем жанре по сравнению с предшественниками. Блогер тестирует возможности управления транспортной компанией, кастомизацию автобусов и создание собственных маршрутов, погружаясь в процесс вождения.","Общее впечатление блогера остается смешанным: игра признается достойным симулятором для ценителей процесса вождения, но вызывает разочарование из-за отсутствия взаимодействия с миром и технических огрехов. Если в начале автор выделял инновационные механики и детализацию, то к финалу акцентировал внимание на ограниченности свободы действий и раздражающей системе штрафов.","Инновационная и интересная камера; Возможность создавать собственные маршруты и управлять компанией; Детализация автобусов впечатляет; Игра кажется менее багованной, чем ожидалось; Управление автобусом выполнено на достойном уровне",Сложности и странности в управлении автобусом; Непонятные или странные игровые механики и баги; Ограниченность игровых возможностей и отсутствие свободы действий; Несоразмерно высокие штрафы за мелкие ошибки; Проблемы с кастомизацией транспорта,,2026-09-16 10:08
caravan-in-the-majin-world,CARAVAN in the MAJIN WORLD,не найден,,,,,,,,1,,,,,поиск не дал подходящих роликов,2026-09-16 11:14
captain-tsubasa-2-world-fighters,Captain Tsubasa 2: World Fighters,готов,https://www.youtube.com/watch?v=DXXYdfIJ0b4,oessaM and ilMasseo,153154,46.3,12 days ago,it,Whisper,2,"В ролике блогер делится впечатлениями от игры Captain Tsubasa 2: World Fighters, называя её одним из лучших футбольных симуляторов в истории. Он подробно разбирает процесс создания и кастомизации персонажа, систему способностей, тренировки и динамику матчей. Автор эмоционально реагирует на игровой процесс, оценивая механику суперударов и особенности управления атакой и защитой.","Общее впечатление блогера крайне позитивное: несмотря на жалобы на сложность управления, медленный темп и посредственное обучение, он получает удовольствие от игры и считает её легендарной.",считает игру одним из лучших футбольных симуляторов в истории; отмечает эмоциональную атмосферу игры; Эффективность выполнения супер-удара; высоко оценивает возможность глубокой кастомизации персонажа; хвалит систему суперударов и способностей,жалуется на сложность понимания управления и механик; недоволен качеством обучения; Медленная динамика игры; Сложность выполнения определенных приемов; Неудовлетворительный результат из-за ошибки в управлении,,2026-09-16 10:05
cardfall-arena,Cardfall Arena,не найден,,,,,,,,1,,,,,поиск не дал подходящих роликов,2026-09-16 19:32
carrot-clicker,Carrot Clicker,не найден,,,,,,,,1,,,,,поиск не дал подходящих роликов,2026-09-16 19:12
charnoluzkys-office,Charnoluzky's Office,не найден,,,,,,,,1,,,,,поиск не дал подходящих роликов,2026-09-16 10:52
chef-hands-kitchen-mayhem,Chef Hands : Kitchen Mayhem,не найден,,,,,,,,1,,,,,поиск не дал подходящих роликов,2026-09-15 13:00
chill-drive-together,Chill Drive Together,не найден,,,,,,,,1,,,,,поиск не дал подходящих роликов,2026-09-16 11:05
chronicle-of-wuxia-and-xianxia-survivors,Chronicle of Wuxia & Xianxia Survivors,не найден,,,,,,,,1,,,,,joJyYuhSvhQ: в ролике нет речи блогера,2026-09-16 15:01
chuddy-clicker,Chuddy Clicker,не найден,,,,,,,,1,,,,,поиск не дал подходящих роликов,2026-09-16 10:20
cipher-monk-cassette-equation,Cipher Monk: Cassette Equation,не найден,,,,,,,,1,,,,,поиск не дал подходящих роликов,2026-09-16 15:04
circle-test-suite,Circle Test Suite,не найден,,,,,,,,1,,,,,поиск не дал подходящих роликов,2026-09-16 10:44
cloudbreaker,Cloudbreaker,готов,https://www.youtube.com/watch?v=g4W3iTnsHN4,Wanderbots,10634,68.1,3 months ago,en,Whisper,2,"В ролике блогер знакомится с демоверсией Cloudbreaker — Bullet Heaven игрой, сочетающей в себе элементы управления инвентарем и строительства корабля. Автор исследует систему кастомизации судна, механику эволюции оружия и мета-прогрессию через разблокировку новых деталей. На протяжении прохождения блогер оценивает разнообразие контента и глубину взаимодействия между различными компонентами корабля.","Блогер остался доволен игрой, назвав её качественным представителем жанра с увлекательным геймплеем и приятным визуальным исполнением. Несмотря на некоторые сложности с пониманием характеристик и ограниченность слотов в демоверсии, общее впечатление осталось положительным.","Разнообразие типов врагов; Приятная мета-прогрессия через разблокировку контента; Хорошая система эволюции оружия; Эффектные визуальные детали, такие как наклон корабля; Хорошее музыкальное сопровождение",Ограниченное количество слотов на корабле; Не всегда понятное влияние характеристик на оружие; Система редкости может мешать оптимальному подбору модулей; Высокая стоимость некоторых предметов в метапрогрессии; Механика щита кажется ограничивающей,,2026-09-16 10:33
code-velocity,Code Velocity,не найден,,,,,,,,1,,,,,поиск не дал подходящих роликов,2026-09-16 10:36
cognite,Cognite,готов,https://www.youtube.com/watch?v=FFJbQkgiV8Y,ElleixGaming,31078,17.5,2 years ago,en,Whisper,1,"Блогер комментирует матч в модификации Custom Zion Races для StarCraft II, представляя новые расы и их уникальные механики. Он выражает восторг от дизайна юнитов, системы строительства и визуальных эффектов, называя мод очень крутым и живым. Блогер подробно описывает особенности каждой из трех новых рас, сравнивая их с базовыми фракциями игры, и отмечает высокую динамику сражений.","Блогер в восторге от модификации Custom Zion Races, отмечая её как очень крутую и наполненную уникальными механиками. Ему особенно понравился дизайн юнитов, анимации развертывания и новые структуры, которые добавляют игре жизни. Несмотря на небольшие просадки кадров из-за технических ограничений своего ПК, он высоко оценил визуальную составляющую и сложность взаимодействия новых фракций.",уникальные и интересные новые расы; крутая механика строительства и развертывания юнитов; отличный дизайн юнитов; уникальные и полезные способности юнитов; высокая динамика и насыщенность геймплея,,,2026-09-16 11:14
console-kingdom,Console Kingdom,не найден,,,,,,,,1,,,,,среди роликов нет летсплеев,2026-09-16 10:51
craftomation-101-programming-and-craft,Craftomation 101: Programming & Craft,готов,https://www.youtube.com/watch?v=Y7fjtrub8Ro,Secreto - Game Zone,3391,100.7,8 months ago,es,Whisper,1,"В данном ролике блогер знакомится с Craftomation 101: Programming & Craft — sandbox-симулятором автоматизации и программирования. Он последовательно осваивает базовые и продвинутые механики: от генерации ресурсов и создания базы до написания сложного кода с использованием циклов, условий, переменных и функций для управления роботами. Блогер демонстрирует процесс построения масштабных автоматизированных цепочек и отладки логики взаимодействия роботов с окружением.","Блогер высоко оценил игру как интересный образовательный проект, позволяющий динамично изучать основы программирования через автоматизацию. Несмотря на наличие багов, сложность настройки некоторых условий и медленный темп производства, общее впечатление осталось положительным благодаря глубине механик и удобным инструментам для работы с кодом.",Удобная система функций и переменных для экономии места в коде; удобная система копирования и редактирования кода; Наличие новых карт; Возможность копирования и повторного использования кода между роботами; Игра подходит для обучения детей основам программирования,проблемы с одновременным взаимодействием роботов в одной ячейке; Наличие багов в логике игры; Сложность настройки условий для предотвращения бесконечных циклов; сложность достижения целей из-за медленного темпа производства,,2026-09-16 19:30
crimson-moon,Crimson Moon,готов,https://www.youtube.com/watch?v=1nf3xYA6TMo,Asmongold TV  ,770622,72.8,12 days ago,en,Whisper,2,"В ролике блогер делится своими впечатлениями от игры Crimson Moon, сравнивая её с такими проектами, как Diablo, Code Vein и Dark Souls. Он анализирует визуальную составляющую, боевые механики и систему способностей, а также оценивает сложность управления и динамику сражений.","Несмотря на технические огрехи в анимациях, проблемы с балансом прыжка и отсутствие возможности переназначить клавиши, блогер считает Crimson Moon многообещающей игрой с интересными механиками и хорошим визуалом.",Хорошая визуальная составляющая; Полезные способности оружия; система способностей и эффектов; хорошее оружие; Интересная и продуманная сцена загрузки,плохие анимации персонажа; неудачные награды за прохождение; Отсутствие возможности переназначить клавиши управления; Неэффективность прыжка из-за высокого расхода выносливости; Слабый урон от некоторых видов оружия,,2026-09-16 10:04
cube-boy,Cube Boy,готов,https://www.youtube.com/watch?v=W05R7G5IJWE,Indie Enjoyer,62,66.3,3 weeks ago,en,Whisper,1,"В ролике блогер проходит Cube Boy, исследуя дом и решая в нем различные головоломки. Автор описывает процесс взаимодействия с окружением, где ему приходится внимательно изучать детали и разбираться в специфических механиках игры.","Несмотря на сложности с управлением, медленное перемещение и некоторые технические огрехи, блогер остался доволен игрой, назвав её качественным и уютным пазл-приключением. Итоговое впечатление положительное: автор готов перепройти Cube Boy снова из-за её визуального стиля и баланса сложности.",приятная визуальная составляющая; приятное общее впечатление от игры; интересная физика движения персонажа; неплохая система подсказок; крутой визуальный эффект глаза,непонятные механики взаимодействия; неудобное и медленное перемещение между комнатами; мелкие ошибки в тексте и верстке; отвлекающий элемент в виде бегающего жука; сложность управления кубом,,2026-09-16 10:23
cursed-and-fading,Cursed and Fading,не найден,,,,,,,,1,,,,,поиск не дал подходящих роликов,2026-09-16 19:40
detstvo,DETSTVO,готов,https://www.youtube.com/watch?v=eoMeJ9MEM2w,FuzzyPlus,2581,22.0,1 year ago,sk,Whisper,1,"Блогер анализирует новый контент в игре DETSTVO, включая сезонные задачи, новые карточки в SBC, эволюции и специальные акции. Он подробно разбирает характеристики новых игроков, их стоимость и эффективность различных Playstyle Plus, а также сравнивает разные версии одних и тех же футболистов.","Блогер доволен общим количеством контента и качеством некоторых новых карточек, особенно отметив бесплатную эволюцию. Однако он критикует высокую стоимость некоторых SBC и отсутствие ключевых характеристик у дорогих игроков.",хорошее сочетание характеристик и стилей игры у некоторых новых карт; качественный дизайн карточек в стиле FIFA 15; выгодная бесплатная эволюция; хорошее соотношение цены и характеристик у некоторых карт,недостаточно подходящие роли для некоторых карт; высокая цена за карту не оправдывает её характеристики; отсутствие важных характеристик или стилей игры; недостаточная физическая сила у некоторых игроков,,2026-09-16 15:01
dr-dominoes,DR Dominoes,не найден,,,,,,,,1,,,,,поиск не дал подходящих роликов,2026-09-15 15:58
daggermap,Daggermap,не найден,,,,,,,,1,,,,,поиск не дал подходящих роликов,2026-09-15 18:21
davy-bones,Davy bones,готов,https://www.youtube.com/watch?v=hR6H6BTS8v4,MontyCap,93,21.5,9 months ago,en,Whisper,1,"Блогер делится впечатлениями от игры Davy bones, отмечая наличие интересных механик, таких как парирование и система азартных игр. Он хвалит озвучку и визуальную составляющую, но также отмечает некоторые сложности в управлении и интерфейсе. В целом, автор игры производит на него положительное впечатление, хотя он и признает наличие пугающих моментов.","Игра Davy bones оставляет приятное впечатление благодаря качественной озвучке и интересным игровым механикам, таким как парирование и азартные игры. Несмотря на некоторые трудности с управлением и интерфейсом, а также наличие пугающих моментов, проект кажется любопытным и визуально приятным.",Качественная озвучка; Наличие механики парирования; Интересная механика азартных игр; Красивая карта; Приятная механика перезарядки,Непонятный интерфейс и отсутствие индикатора здоровья; Сложность навигации и управления; Пугающая атмосфера некоторых моментов,,2026-09-16 10:21
decide-your-fate,Decide Your Fate,готов,https://www.youtube.com/watch?v=ADMezeQlrz8,DangerouslyFunny,184295,34.9,2 years ago,en,Whisper,1,"В ролике блогер проходит игру Decide Your Fate, уделяя внимание развитию базы, стратегическому планированию и взаимодействию с соседями. Он подробно описывает свои действия по строительству защитных сооружений, управлению ресурсами и использованию различных катастроф для достижения целей.","Блогер получил удовольствие от процесса игры, особенно от возможности разрушать постройки противников и использовать торнадо, несмотря на некоторые замечания по поводу стоимости защиты и нехватки места на острове.","эффективность лучников в бою; Полезная механика маяка, которая удваивает добычу рыбы; Приятная возможность отправлять торнадо другим игрокам; Хорошая возможность для получения ресурсов при атаке; полезная синергия между зданиями","нехватка места на острове для строительства; Высокая стоимость строительства стен; Неочевидная или странная работа некоторых зданий, например, маяка; Рискованность использования башен магов из-за возможности получить собственные катастрофы; недостаточная эффективность защитных башен относительно их высокой стоимости",,2026-09-16 11:03
desktop-fidget-spinner,Desktop Fidget Spinner,не найден,,,,,,,,1,,,,,поиск не дал подходящих роликов,2026-09-16 11:05
diablo-iv-age-of-hatred-collection,Diablo IV: Age of Hatred Collection,готов,https://www.youtube.com/watch?v=fXIq12Qj76A,PrimeForce ShockRare,12,67.7,1 month ago,en,Whisper,1,"Блогер начинает прохождение Diablo IV: Age of Hatred Collection, выбрав класс Sorcerer и сложность Expert. В данном ролике он проходит пролог, в ходе которого делится впечатлениями от системы идентификации магических предметов, механики регенерации здоровья и визуальной составляющей игры. Блогер отмечает, что игра визуально приятнее предыдущих частей, но не превосходит их по качеству.","Блогер оценивает Diablo IV как визуально привлекательную игру, однако отмечает ряд технических и геймплейных нюансов, таких как отсутствие регенерации здоровья и изменения в системе идентификации предметов, которые могут вызвать вопросы у поклонников классики.","Визуальное исполнение игры лучше, чем в предыдущих частях; Красивый внешний вид некоторых предметов",Отсутствие регенерации здоровья у персонажа; Неудобная система идентификации магических предметов по сравнению с Diablo I; Ограничение выбора сложности Expert сразу в начале игры,,2026-09-16 13:08
diceroll,DiceRoll,не найден,,,,,,,,1,,,,,поиск не дал подходящих роликов,2026-09-16 19:26
dont-stop-cutting-the-trees,Don't Stop Cutting The Trees!,не найден,,,,,,,,1,,,,,поиск не дал подходящих роликов,2026-09-16 19:37
dragon-hunter-rpg,Dragon Hunter RPG,не найден,,,,,,,,1,,,,,поиск не дал подходящих роликов,2026-09-16 11:14
dream-draw-dungeons,Dream Draw Dungeons,не найден,,,,,,,,1,,,,,поиск не дал подходящих роликов,2026-09-16 10:22
drift-invaders,Drift Invaders,не найден,,,,,,,,1,,,,,поиск не дал подходящих роликов,2026-09-16 19:25
driving-test-simulator,Driving Test Simulator,не найден,,,,,,,,1,,,,,поиск не дал подходящих роликов,2026-09-16 10:36
dungeons-and-death,Dungeons & Death,не найден,,,,,,,,1,,,,,поиск не дал подходящих роликов,2026-09-16 19:16
duo-quest,Duo Quest,готов,https://www.youtube.com/watch?v=jA9S_PZ86h0,CaRtOoNz,149573,84.1,3 months ago,en,Whisper,1,"В данном ролике блогер вместе с другом проходит Duo Quest, исследуя уникальную систему карточного боя и кооперативные механики. Автор активно обсуждает тактику использования способностей, систему прокачки и взаимодействие персонажей в ходе совместного приключения.","Блогер остался под впечатлением от игры, оценив её как качественный и увлекательный кооперативный проект с крутым геймплеем. Несмотря на периодическое недовольство высокой сложностью и стоимостью ресурсов, автор планирует вернуться к игре после её релиза.",Уникальная механика боя с разделением на режимы; Интересная механика вопросов как части игрового процесса; Удобная и интересная система комбинации карт; Общая крутость и качество игры; Возможность синергии между разными классами персонажей,Высокая сложность и быстрое уменьшение здоровья; Неочевидная или слабая механика некоторых способностей; Неоправданная стоимость получения предметов; Сложность некоторых сражений; Неожиданное или странное поведение некоторых механик,,2026-09-16 10:38
emberdeep,EMBERDEEP,не найден,,,,,,,,1,,,,,uIJyrZGFc9Y: мало речи блогера (0 символов в минуту),2026-09-16 15:00
elden-ring-tarnished-edition,Elden Ring: Tarnished Edition,готов,https://www.youtube.com/watch?v=ske11nLVHhs,Proz Kryptix,63082,77.9,11 days ago,en,Whisper,2,"В данном ролике Kryptix Plays исследует возможности Elden Ring: Tarnished Edition, экспериментируя с различными билдами, новым оружием и способностями. Блогер подробно тестирует механику парирования, собирает талисманы и снаряжение, а также оценивает новые косметические предметы и контент дополнения.","Блогер остался доволен Elden Ring: Tarnished Edition, особенно отметив улучшения для ПК и новые возможности кастомизации. Несмотря на периодическое разочарование балансом урона и странным поведением некоторых боссов, общее впечатление от игры осталось положительным.",Высокий урон от выбранного билда; Механика парирования ощущается приятно и кажется более отзывчивой; Новая броня для Torrent получила качественные звуковые эффекты; В игре есть возможность менять внешний вид коня; Новый класс Idis Knight обладает сбалансированными характеристиками,Некоторые новые атаки не наносят ожидаемого урона; Некоторые механики или движения боссов кажутся странными или багнутыми; Способность оружия кажется бесполезной или странной; Ограниченное количество доступных улучшений для оружия в начале игры; Неочевидная или странная механика появления врагов,,2026-09-15 17:19
embrace-the-potato,Embrace The Potato,не найден,,,,,,,,1,,,,,поиск не дал подходящих роликов,2026-09-16 19:39
emo-lisa,Emo Lisa,не найден,,,,,,,,1,,,,,поиск не дал подходящих роликов,2026-09-16 19:43
endless-roadtrip,Endless Roadtrip,не найден,,,,,,,,1,,,,,поиск не дал подходящих роликов,2026-09-16 19:15
escape-house-of-bonds,Escape! House of Bonds,не найден,,,,,,,,1,,,,,поиск не дал подходящих роликов,2026-09-16 19:41
f-this-job,F*** This Job,не найден,,,,,,,,1,,,,,поиск не дал подходящих роликов,2026-09-16 19:38
fallen-tear-the-ascension,Fallen Tear: The Ascension,готов,https://www.youtube.com/watch?v=woLhpjR_SFo,MythyMoo,18655,19.1,5 months ago,en,Whisper,1,"Блогер крайне положительно оценивает Fallen Tear: The Ascension, называя игру визуально потрясающей и приятной в управлении. Ему нравится сочетание линейного прогресса с возможностью заниматься охотой и выполнением контрактов. Автор отмечает плавность анимаций, качественный звук и интересные механики взаимодействия с окружением и персонажами.","Блогер в восторге от Fallen Tear: The Ascension, особенно выделяя визуальное исполнение и отзывчивость управления. Игра оставляет очень приятное впечатление благодаря сочетанию классических механик metroidvania с дополнительными системами контрактов и охоты.",Красивый и качественный визуальный стиль; Плавное и приятное управление; Качественная анимация персонажей; Отличная музыка; Удобные и интересные механики взаимодействия,Недостаточное количество здоровья при использовании определенных способностей,,2026-09-16 11:04
false-normality,False Normality,не найден,,,,,,,,1,,,,,поиск не дал подходящих роликов,2026-09-15 18:16
football-academy-director,Football Academy Director,не найден,,,,,,,,1,,,,,поиск не дал подходящих роликов,2026-09-16 11:16
forty-depths-beneath-knossos-the-minotaurs-maze,Forty Depths Beneath Knossos: The Minotaur's Maze,не найден,,,,,,,,1,,,,,поиск не дал подходящих роликов,2026-09-15 15:57
fright-train,Fright Train,готов,https://www.youtube.com/watch?v=4GKk7Wdjha4,Keith Ballard,6920,49.5,4 months ago,en,Whisper,2,"В ролике блогер знакомится с демоверсией Fright Train, исследуя основные игровые механики и системные особенности проекта. Он изучает управление ресурсами, температурный режим, ремонт поезда и систему боевых действий, уделяя внимание деталям взаимодействия с игровым миром.","Блогер считает игру многообещающим системным проектом с элементами roguelike, который может быть увлекательным при условии привыкания к специфическим механикам. Несмотря на технические странности и сложность обучения, общее впечатление от проекта остается положительным и любопытным.",Сходство с Dead Space в плане отсечения конечностей; Интересная идея с системой доставки предметов; Механика перезарядки оружия проработана детально; Наличие системы ремонта и обслуживания поезда; игра обладает потенциалом как системный проект,"неинтуитивная и сложная система смены магазинов и перезарядки; проблемная система инвентаря, которая кажется излишне запутанной и ограничивающей; непонятный интерфейс и отсутствие информации о содержимом сундуков при полном инвентаре; Повторяющиеся действия в обучении кажутся утомительными; непонятные механики взаимодействия с бурей, которые не были четко объяснены в туториалах",,2026-09-16 10:31
furry-slot,Furry Slot,готов,https://www.youtube.com/watch?v=3ZWYSbo7Gj0,Keith Ballard,4875,50.0,2 months ago,en,Whisper,1,"В данном ролике блогер знакомство с игрой Furry Slot, представляющей собой необычный эксперимент на стыке механики слота и жанра roguelite. Автор проходит демо-версию игры, исследуя её уникальную динамику и визуальную подачу. На протяжении всего видео он анализирует, как сочетание этих жанров влияет на игровой процесс и сложность.","Общее впечатление блогера от игры смешанное, но интересное: автор ценит стратегическую глубину и крутые визуальные эффекты, однако отмечает значительные технические огрехи и проблемы с интерфейсом. Несмотря на трудности с пониманием описаний способностей, динамика и прогрессия сложности зацепили автора.","Игра требует больше стратегического планирования и навыков, чем кажется на первый взгляд; Возможность находить и использовать закономерности в игровых процессах; Интересная механика использования золота для получения дополнительных бонусов; Впечатляющая визуальная прогрессия и эффекты; Интересный темп игры",Сложность чтения и понимания описаний способностей; Недостаток информации от игры о результатах действий; Непонятная и странная шкала громкости; Недостаток анимаций в текущем состоянии игры; Отсутствие звуковых эффектов при получении предметов,,2026-09-16 19:28
garage-tidy-up,Garage: Tidy Up!,готов,https://www.youtube.com/watch?v=18ygbDT7yQs,EnglishGamer38,61,75.0,1 year ago,en,Whisper,1,"В данном ролике блогер занимается расхламлением, организацией пространства и подготовкой к сборке автомобиля Impala в своей мастерской. Он детально прорабатывает систему хранения запчастей, устанавливает полки и отправляется на свалку за необходимыми компонентами. В процессе игры автор обсуждает технические аспекты проекта, включая использование инструментов, работу модов и специфику управления техникой.","Блогер высоко оценивает глубокие возможности кастомизации и удобную систему организации пространства, однако отмечает наличие технических проблем с производительностью и стабильностью объектов. Общее впечатление положительное, несмотря на некоторые сложности с физикой и управлением.",Наличие инструмента для перемещения объектов упрощает организацию пространства; Возможность создавать собственные этикетки; Удобная система организации пространства; Возможность создания специализированных рабочих зон,"Нестабильность некоторых объектов: некоторые предметы исчезают после перезагрузки сохранения; Исчезновение некоторых предметов; Проблемы с производительностью (лаги); Неудобство управления колесами без специального мода, что приводит к нагрузке на кисть; Проблемы с физикой прицепа, который сильно прыгает при буксировке",,2026-09-16 11:01
goddess-must-survive,Goddess Must Survive!,не найден,,,,,,,,1,,,,,KoeH5IVfYPc: мало речи блогера (19 символов в минуту),2026-09-16 10:51
gray-company,Gray Company,готов,https://www.youtube.com/watch?v=LfZOrXtMQbs,RimBrain,34012,28.0,1 month ago,en,Whisper,2,"В данном ролике блогер знакомится с модом Gray Company для игры RimWorld, начиная с выживания в суровых условиях зимнего биома. Он проходит путь от базового сбора ресурсов и борьбы с враждебными фракциями до освоения сложных боевых механик и системы лечения.","Блогер оценивает игру как глубокий и реалистичный опыт с высоким уровнем погружения, где каждая ошибка может стать фатальной. Несмотря на высокую сложность и необходимость долгого обучения механикам, автор признает, что мод обеспечивает отличный уровень хаоса и интереса.",Наличие системы лутбоксов для получения случайных предметов; Возможность ремонта старых транспортных средств; Наличие системы отображения очков угрозы; Удобная механика быстрого спасения людей с помощью мода; Возможность кастомизации оружия у определенных типов врагов,Недостаточность медицинского оборудования для лечения тяжелых ранений; Низкое качество стартового оружия; Плохое качество лечения из-за отсутствия условий; Неудачное стартовое исследование; Недостаточное количество дней для выращивания культур,,2026-09-16 10:30
green-vs-tan,Green vs Tan,не найден,,,,,,,,1,,,,,поиск не дал подходящих роликов,2026-09-15 18:20
grim-wanderings-reborn,Grim Wanderings Reborn,не найден,,,,,,,,1,,,,,поиск не дал подходящих роликов,2026-09-16 19:42
helldrop,HELLDROP,не найден,,,,,,,,2,,,,,d4coh8IoprA: мало речи блогера (87 символов в минуту),2026-09-16 10:32
halloween-the-game,Halloween: The Game,готов,https://www.youtube.com/watch?v=Bc1hwOcs0JU,SpookyLoopz,1887190,26.5,12 days ago,en,Whisper,2,"Блогер делится впечатлениями от игры Halloween: The Game, сравнивая её геймплей с Friday the 13th и Texas Chainsaw Massacre. Он отмечает наличие режима для одного игрока, который служит туториалом для Майкла Майерса, и описывает основные механики: противостояние четырех жителей против одного убийцы, систему способностей, систему прокачки через кладбище и возможность создания кастомных колод перков. Блогер отмечает наличие технических проблем и «кривизны» игры, но в целом находит процесс интересным.","Блогер считает игру неплохой и интересной, отметив, что она может быть хорошим выбором для тех, кому нравится Friday the 13th. Несмотря на наличие технических недоработок и проблем с балансом лута, он остался доволен своим результатом и общим впечатлением от процесса.",атмосфера и геймплей напоминают Friday the 13th; интересная механика способности Shape Jump; крутая система различных казней при достижении определенного уровня; интересная механика возрождения в виде других персонажей,высокий уровень лута для жителей; некоторым механикам и персонажам не хватает отполированности; длительное время выполнения некоторых казней; сложность отслеживания противника из-за необходимости постоянно использовать режим скрытности; отсутствие возможности просто наблюдать за игрой после смерти,,2026-09-16 10:07
haunted-shift,Haunted Shift,не найден,,,,,,,,1,,,,,поиск не дал подходящих роликов,2026-09-16 19:15
hearthpiece,Hearthpiece,не найден,,,,,,,,1,,,,,поиск не дал подходящих роликов,2026-09-16 19:28
heroes-suck,Heroes Suck,готов,https://www.youtube.com/watch?v=ubqhdfsz4Hk,Akwartz,2196,53.6,4 weeks ago,fr,Whisper,2,"В данном ролике блогер знакомится с бета-версией Heroes Suck, представляющей собой смесь Tower Defense, Orcs Must Die и Dungeon Keeper с элементами roguelite. Автор тестирует игровые механики, оценивая удобство управления и систему прогрессии на протяжении двух частей прохождения.","Общее впечатление блогера меняется от положительного к разочарованию: несмотря на интересную концепцию и удобство управления, игра показалась ему посредственной из-за скучного игрового цикла и отсутствия глубины в улучшениях.",Удобное управление камерой и интерфейсом; Удобная механика автоматического перемещения ловушек; Эффективные магические способности; Потенциал для улучшения игры в будущем; Приятные визуальные эффекты молний,Мало взаимодействия и активности между волнами; Скучные и однообразные улучшения ловушек; Слабые характеристики некоторых ловушек; Странная структура прогрессии; Недостаточно глубокие бонусы в дереве навыков,,2026-09-16 10:35
hetjas-adventures,Hetja's Adventures,не найден,,,,,,,,1,,,,,поиск не дал подходящих роликов,2026-09-16 11:08
hidden-objects-painted-forest,Hidden Objects Painted Forest,не найден,,,,,,,,1,,,,,поиск не дал подходящих роликов,2026-09-16 10:53
hollow-parish-dead-frequency,Hollow Parish: Dead Frequency,не найден,,,,,,,,1,,,,,поиск не дал подходящих роликов,2026-09-16 10:52
hoodie-havoc,Hoodie Havoc,не найден,,,,,,,,1,,,,,поиск не дал подходящих роликов,2026-09-16 10:46
hot-wheels-infinite-rush,Hot Wheels Infinite Rush,готов,https://www.youtube.com/watch?v=eiLh27q8zPs,polman,123949,34.2,4 days ago,es,Whisper,2,"Блогер делится первыми впечатлениями от Hot Wheels Infinite Rush, отмечая переход игры к формату открытого мира. Он хвалит визуальный стиль, разнообразие островов и концепцию свободного исследования, однако критикует повторное использование одних и тех же трасс для разных режимов. Блогер отмечает, что управление довольно простое, а прогрессия и коллекционирование предметов затягивают, хотя некоторые механики (например, отсутствие возможности толкать соперников в определенных режимах) могут вызвать вопросы.","Hot Wheels Infinite Rush оставляет приятное первое впечатление благодаря качественному дизайну и увлекательному формату открытого мира. Блогеру понравилась динамика гонок и возможность исследовать разные биомы, однако он советует разработчикам избегать повторного использования одних и тех же трасс для разных режимов, чтобы не снижать интерес к прохождению.",Приятный визуальный стиль и дизайн мира; Интересная концепция открытого мира и разнообразие островов; Простое управление автомобилями; Интересные визуальные эффекты воды,Повторное использование одних и тех же трасс для разных испытаний; Недостаточная интерактивность при переходе между островами; Ограниченная возможность взаимодействия с соперниками в некоторых режимах,,2026-09-16 10:00
in-the-vroms-in-clones,In The Vroms In Clones,не найден,,,,,,,,1,,,,,поиск не дал подходящих роликов,2026-09-16 19:15
infinite-music-game,Infinite Music Game,не найден,,,,,,,,1,,,,,поиск не дал подходящих роликов,2026-09-16 19:38
jacks-achievements-simulator-dog-and-lava,Jack's Achievements Simulator: Dog & Lava,не найден,,,,,,,,1,,,,,поиск не дал подходящих роликов,2026-09-16 19:13
jettfuel-plus,JettFuel+,готов,https://www.youtube.com/watch?v=wuTBd9p8eRI,NivPlaysIndieGames,98,10.5,2 weeks ago,en,Whisper,1,"Блогер делится впечатлениями от демоверсии JettFuel+, отмечая, что игра довольно милая и в неё можно поиграть, когда скучно. Он упоминает визуальное сходство некоторых элементов с классическими играми, такими как Sonic и Safari 64. В целом, блогер оценивает игру положительно, хотя и признает наличие моментов с запутанным управлением или неожиданными препятствиями.","JettFuel+ — это милая инди-игра с приятным визуальным стилем, которая хорошо подходит для отдыха. Несмотря на некоторые странности в дизайне уровней и механиках, она оставляет приятное впечатление.",Милая графика; Приятно играть в свободное время,"Неочевидные механики и опасные платформы; Сложность понимания того, как взаимодействовать с объектами",,2026-09-15 18:22
jigsaw-diorama-the-alchemist-and-the-eclipse,Jigsaw Diorama: The Alchemist and the Eclipse,не найден,,,,,,,,1,,,,,поиск не дал подходящих роликов,2026-09-16 10:23
joker-master,Joker Master,не найден,,,,,,,,1,,,,,поиск не дал подходящих роликов,2026-09-16 19:13
jule,Jule,готов,https://www.youtube.com/watch?v=xMZZCG2qV5Q,Nadia Vya,31064,11.8,9 months ago,id,Whisper,1,"Блогер делится своими впечатлениями от прохождения Jule tower в Roblox. Основное внимание в ролике уделяется персонажу Jule, который вызывает у автора сильное раздражение и даже чувство преследования. Блогер описывает игру как крайне пугающую и сложную, отмечая специфическую атмосферу и визуальные решения.","Блогер считает Jule tower самым ужасным и пугающим испытанием из тех, что он проходил. Несмотря на то, что использование определенных предметов упрощает процесс, игра оставляет крайне негативные эмоции из-за раздражающего персонажа, сложной механики времени и пугающей атмосферы.",Наличие специальных предметов (coil) значительно облегчает прохождение,Игра вызывает сильное чувство тревоги и страха; Слишком высокая сложность и ограниченное время на прохождение; Неудачные визуальные решения и цветовая гамма; Навязчивый и раздражающий персонаж Jule; Пугающая музыка,,2026-09-16 11:08
jumpy-vs-chompy,Jumpy vs. Chompy,не найден,,,,,,,,1,,,,,поиск не дал подходящих роликов,2026-09-16 19:12
knuckle-jet,Knuckle Jet,готов,https://www.youtube.com/watch?v=LJZ5vaKItZk,nygelplays,7,36.4,Streamed 4 weeks ago,pt,Whisper,3,"Блогер делится впечатлениями от демоверсии игры Knuckle Jet, отмечая технические сложности и специфику геймплея. Основное внимание уделяется проблемам производительности на его компьютере, работе управления и визуальному стилю игры. Блогер сравнивает проект с другой игрой, отмечая различия в качестве графики и цене, а также делится мыслями о структуре миссий и атмосфере игры.","Блогер отмечает, что игра обладает приятной музыкой и хорошим визуальным стилем, однако он крайне недоволен техническим состоянием проекта. Игра часто зависает, имеет проблемы с загрузкой кат-сцен и некорректно работает с управлением. Также автор указывает на однообразие миссий и сравнительно низкое качество графики относительно стоимости.",Хорошая музыка; Качественный визуальный стиль и сценарий; Красивый сценарий,Плохая оптимизация и технические проблемы; Проблемы с управлением; Слабая графика по сравнению с конкурентами; Однообразные миссии,,2026-09-16 11:13
liminal-sorting,LIMINAL SORTING,не найден,,,,,,,,1,,,,,поиск не дал подходящих роликов,2026-09-16 10:53
look-to-the-birds,Look to the Birds,не найден,,,,,,,,1,,,,,поиск не дал подходящих роликов,2026-09-15 15:58
lucent,Lucent,готов,https://www.youtube.com/watch?v=HKemaTLBSyY,FRESHY,40720,16.6,1 year ago,en,Whisper,1,"Блогер демонстрирует процесс масштабного улучшения экипировки в Throne and Liberty, потратив 37 000 Lucent и более 20 миллионов золота. Он подробно объясняет механики накопления и передачи «благословения» (blessing) для гарантированного улучшения характеристик, а также показывает процесс улучшения различных предметов (оружия, шлема, нагрудника, перчаток, сапог, плаща, колец и браслетов). Блогер отмечает высокую стоимость некоторых предметов и подчеркивает, что для полной прокачки персонажа требуются значительные затраты ресурсов.","Блогер показывает, что Throne and Liberty может быть довольно затратным проектом, где для полноценного улучшения экипировки требуются большие ресурсы. Несмотря на наличие системы накопления благословения для гарантированных улучшений, стоимость топовых предметов и характеристик остается высокой.",Удачное выпадение нужной характеристики при крафте оружия; Возможность бесконечного накопления благословения через неудачные улучшения; Удачное получение нужных характеристик на кольце,Высокая стоимость некоторых предметов на рынке; Неудачное выпадение характеристик при открытии сундуков; Неудачное выпадение предмета в качестве дропа; Высокая стоимость некоторых синих характеристик по сравнению с фиолетовыми,,2026-09-16 10:52
monowave,MONOWAVE,готов,https://www.youtube.com/watch?v=m_-kJOGEawQ,Nookrium,1238,93.9,10 months ago,en,Whisper,1,"В ролике блогер знакомится с MONOWAVE — необычным пазл-платформером, где прохождение основано на управлении эмоциями персонажа. Автор исследует, как разные чувства меняют способности героя, динамику музыки и взаимодействие с окружающим миром. Блогер проходит демоверсию игры, оценивая креативные идеи и уникальные механики проекта.","Блогер остался под приятным впечатлением от MONOWAVE, назвав её оригинальным и забавным проектом с отличным саундтреком. Несмотря на порой запутанные механики и сложные тайминги, автор высоко оценил уникальную концепцию управления эмоциями.",Хорошее качество музыки; Интересная механика использования эмоций для решения пазлов; Музыка меняется в зависимости от текущей эмоции персонажа; Возможность влиять на эмоции окружающих животных; Наличие системы подсказок при выполнении условий,Неочевидные решения и запутанность механик; Сложность таймингов из-за задержки прыжка в тумане; Сложность некоторых уровней,,2026-09-16 11:07
mai-trang,Mai Trang,готов,https://www.youtube.com/watch?v=L5OZjSCy0Ic,Minh Không Béo,378,75.2,14 hours ago,vi,Whisper,1,"Блогер делится впечатлениями от прохождения игры Mai Trang, отмечая, что это не типичный хоррор, а скорее история о семейных тайнах. Он отмечает наличие мини-игр и систему выбора диалогов, однако указывает на отсутствие фоновой музыки в определенных сценах. Блогер отмечает, что игра является дебютным проектом разработчика, что объясняет некоторые особенности исполнения.","Mai Trang — это необычный проект, который фокусируется на семейных драмах и выборе, а не на стандартных скримерах. Несмотря на технические огрехи и отсутствие музыки в некоторых моментах, игра вызывает интерес своей атмосферой и проработкой персонажей.","Интересная концепция игры, которая отличается от обычных хорроров; Положительная оценка игры как дебютного проекта разработчика",Отсутствие фоновой музыки в некоторых сценах; Неудобное управление мышью; Технические проблемы с запуском игры,,2026-09-16 19:34
mars-2099,Mars 2099,не найден,,,,,,,,1,,,,,gn8607ULAaU: в ролике нет мнения блогера об игре; LZSHJM61FDU: мало речи блогера (27 символов в минуту),2026-09-16 10:50
marsupilami-2-salsa-palombia,Marsupilami 2 - Salsa Palombia,не найден,,,,,,,,3,,,,,6OBBSX8lG5w: whisper: no speech recognized in 6OBBSX8lG5w.webm; captions: нет субтитров; SD_6WKxUFi8: whisper: no speech recognized in SD_6WKxUFi8.webm; captions: нет субтитров; xe9Kb3A_jB4: мало речи блогера (1 символов в минуту),2026-09-16 10:43
marvels-wolverine,Marvel's Wolverine,готов,https://www.youtube.com/watch?v=EVdp0NNVUoU,theRadBrad,1818883,107.2,1 day ago,en,Whisper,2,"В данном ролике блогер знакомится с игрой Marvel's Wolverine, оценивая её боевую систему, сюжетную подачу и общую атмосферу. Автор демонстрирует игровой процесс, уделяя внимание динамике сражений, механике регенерации и системе прогрессии персонажа.","Блогер крайне доволен игрой, называя вступление одним из лучших в индустрии и отмечая, что проект полностью соответствует его высоким ожиданиям. Несмотря на некоторую линейность в начале и нюансы в прокачке на отдельных этапах, общее впечатление от игры остается очень позитивным.","Боевая система с когтями ощущается очень динамичной, быстрой и плавной, полностью соответствуя образу Вулверлина; Удобная механика постепенного восстановления здоровья во время сражения; Хорошая система прокачки способностей и улучшений; Впечатляющее и сильное вступление к игре; Наличие уникальной истории, созданной специально для этой игры","Игрок может столкнуться с ситуацией, когда на текущем уровне невозможно улучшить доступные способности; Линейность геймплея на начальном этапе",,2026-09-16 10:20
masonshaven,MasonsHaven,не найден,,,,,,,,1,,,,,поиск не дал подходящих роликов,2026-09-16 19:11
medieval-juice-crafter,Medieval Juice Crafter,готов,https://www.youtube.com/watch?v=hIxDlGbO3qc,FloppySims,11588,56.7,3 months ago,en,Whisper,1,"В ролике блогер знакомится с процессом создания напитков в Medieval Juice Crafter, где ему предстоит взаимодействовать с оборудованием и выполнять задания жителей. Автор показывает путь от первых шагов в производстве соков до работы с клиентами и отслеживания персонажей на карте.","Общее впечатление блогера смешанное: несмотря на приятную механику производства и визуально аппетитные напитки, игра показалась ему медленной, монотонной и сложной в управлении из-за запутанных механик смешивания ингредиентов.",Приятная механика производства соков; Наличие системы отслеживания персонажей на карте; Наличие в игре чаек; Напитки выглядят аппетитно; Удобный поиск клиентов,Сложность и непонятная механика смешивания соков; Неудобный интерфейс или ошибки управления; Неочевидное расположение нужных объектов; Медленный темп игры; Наличие лагов в игре,,2026-09-16 10:24
melaka-1511-the-malay-chronicles-before-the-storm,Melaka 1511: The Malay Chronicles - Before The Storm,не найден,,,,,,,,1,,,,,поиск не дал подходящих роликов,2026-09-16 10:53
midnight-news-report,Midnight News Report,не найден,,,,,,,,1,,,,,поиск не дал подходящих роликов,2026-09-16 10:52
might-and-poison-mushroom,Might & Poison Mushroom,не найден,,,,,,,,1,,,,,поиск не дал подходящих роликов,2026-09-16 13:09
mixed-spirits-bartender,Mixed Spirits: Bartender,готов,https://www.youtube.com/watch?v=P64GBcdU6N0,Stuff+,885,56.5,2 months ago,en,Whisper,2,"В ролике блогер знакомится с демоверсией Mixed Spirits: Bartender, в которой игроку предстоит работать миксологом, соблюдая пропорции и вкусовые профили напитков. Автор оценивает глубину симуляции, систему прогрессии, механику подготовки ингредиентов и социальные функции игры. Блогер подробно рассматривает игровой процесс, отмечая динамику и визуальное оформление проекта.","Блогер крайне доволен Mixed Spirits: Bartender, считая её значительно более проработанной и содержательной по сравнению с аналогичными проектами в жанре. Несмотря на некоторые странности в управлении, интерфейсе и отдельных мини-играх, автор планирует ознакомиться с полной версией игры.",Разнообразие рецептов и вкусовых сочетаний; Интересная и увлекательная тематика игры; Наличие физически симулированного льда; Возможность фильтрации ингредиентов; Динамическое изменение внешнего вида напитка,Непонятный интерфейс или функции некоторых элементов; Не очень интересная мини-игра по измельчению соли; Неудобное управление при попытке перетащить стакан; Странная механика дробления ингредиентов,,2026-09-16 10:32
monky-os,Monky OS,не найден,,,,,,,,1,,,,,поиск не дал подходящих роликов,2026-09-16 19:26
moonlighter-2-the-endless-vault,Moonlighter 2: The Endless Vault,готов,https://www.youtube.com/watch?v=ZNa3Zqc-3uc,Vinesauce: The Full Sauce,32678,86.7,2 weeks ago,en,Whisper,2,"В данном ролике Vinny делится впечатлениями от прохождения Moonlighter 2: The Endless Vault, оценивая прогресс серии и глубину игровых механик. Блогер анализирует развитие боевой системы, управление магазином и систему прогрессии, сравнивая проект с такими тайтлами, как Zelda: Tears of the Kingdom и Slime Rancher.","Общее впечатление блогера от игры положительное: он считает Moonlighter 2: The Endless Vault качественным и отполированным проектом с отличной боевой составляющей. Несмотря на некоторые сложности и высокую стоимость прокачки, автор отмечает, что игра может затянуть игрока надолго.",Улучшенная и более проработанная боевая система; игра кажется довольно крутой; в игре много улучшений и дополнений; боевая система в этой части определенно лучше; Наличие уникальных игровых механик и эффектов,некоторые дополнения вызвали неоднозначную реакцию у игроков; некоторые испытания в игре оказались довольно сложными; высокая стоимость некоторых улучшений; Неоправданно низкие цены на некоторые товары; Медленный темп введения новых функций,,2026-09-16 10:11
moonwrought-bastion,Moonwrought Bastion,не найден,,,,,,,,1,,,,,поиск не дал подходящих роликов,2026-09-16 19:27
my-fishing-world-2,My Fishing World 2,не найден,,,,,,,,1,,,,,поиск не дал подходящих роликов,2026-09-16 19:12
nba-2k27,NBA 2K27,готов,https://www.youtube.com/watch?v=dXuKpNcwEhY,NotYourAverageFlight,707459,106.4,2 weeks ago,en,Whisper,2,"В ролике Flights делится своими первыми впечатлениями от NBA 2K27, уделяя особое внимание режиму Park. Блогер активно взаимодействует с сообществом, обсуждает систему прогрессии и делится советами по управлению персонажем в ходе своего первого игрового дня.","Общее впечатление блогера остается преимущественно негативным: несмотря на удобство механик ротации и наличие системы достижений, автор называет игру «неудачным продуктом» из-за отсутствия инноваций и технических проблем. По ходу ролика мнение остается смешанным — блогер продолжает играть и использовать игровые механики, но постоянно выражает недовольство качеством защиты и физикой взаимодействия.",хорошие линии для движения; хорошие показатели по перехватам для первого дня; Плавность и понятность механики ротации игроков; Наличие системы получения очков за достижения (badges),неудобные настройки управления (вибрация/триггеры); Неудовлетворительное качество защиты в игре; Общее разочарование качеством игры; отсутствие отличий от предыдущей части; несовершенная физика взаимодействия игроков (липкость),,2026-09-16 10:16
nhl-27,NHL 27,готов,https://www.youtube.com/watch?v=Ew-O0rvTv1I,Nasher,288969,20.0,12 days ago,en,Whisper,2,"Блогер делится своими первыми впечатлениями от NHL 27, отмечая, что изменения в геймплее кажутся незначительными и могли бы быть реализованы в виде патча для предыдущей части. Он хвалит улучшенные механики перехвата шайбы, новые углы камеры и систему проверки шайбы (poke checks), однако критикует систему выносливости игроков и возвращение штрафов от ИИ. В целом, блогер считает, что игра движется в правильном направлении, но для ежегодного цикла обновлений прогресса недостаточно.","Блогер считает, что NHL 27 — это шаг в правильном направлении с заметными улучшениями в некоторых механиках (перехваты, проверка шайбы), но общая динамика изменений слишком мала для новой части. Игра может понравиться любителям онлайн-режима из-за обновленной презентации, но для тех, кто ждет серьезных инноваций, прогресс может показаться недостаточным.",Улучшенные углы камеры при повторах; Улучшенная механика перехвата шайбы; Хорошая система проверки шайбы (poke checks); Улучшенная механика поднятия клюшки,Слишком быстрая потеря выносливости у игроков; Слабая и неудобная механика LT; Возвращение штрафов от ИИ; Недостаточный объем изменений для ежегодного обновления,,2026-09-16 10:17
neko-neko-shop,Neko Neko Shop,не найден,,,,,,,,1,,,,,поиск не дал подходящих роликов,2026-09-15 18:22
neon-dodge,Neon Dodge,готов,https://www.youtube.com/watch?v=58myyVWF0WI,Majoindies,31,17.6,5 months ago,es,Whisper,1,"Блогер делится впечатлениями от игры Neon Dodge, которую он решил протестировать по рекомендации из Twitter. Он отмечает, что игра очень динамичная, яркая и обладает множеством различных механик на каждом уровне. Несмотря на то, что игра может вызвать легкое головокружение из-за высокой скорости, блогер считает её очень увлекательной и оригинальной. Он особенно выделяет разнообразие игровых элементов и то, что игра является испанским инди-проектом.","Блогер в восторге от Neon Dodge, называя её очень крутой и интересной игрой. Он хвалит визуальный стиль и разнообразие механик, а также отмечает, что игра отлично подходит для тех, кто любит быстрые аркадные испытания.",игра очень красивая; оригинальные и разнообразные механики; увлекательный игровой процесс; удобная механика прохождения уровней,высокая сложность запоминания всех действий; игра может вызывать головокружение,,2026-09-16 10:28
no-away-from-keyboard,No Away From Keyboard,не найден,,,,,,,,1,,,,,поиск не дал подходящих роликов,2026-09-16 11:07
no-fly-zone,No Fly Zone,не найден,,,,,,,,1,,,,,среди роликов нет летсплеев,2026-09-16 19:42
no-quarter,No Quarter,готов,https://www.youtube.com/watch?v=PDIj_A6dtBY,Jess,43,40.0,11 days ago,en,Whisper,1,"Блогер представляет свою игру No Quarter для системы Atari 2600, вдохновленную Money Wars. Он описывает процесс разработки, технические ограничения компилятора Batari Basic и свои творческие задачи. В ролике автор делится впечатлениями от финального состояния проекта, сравнивает его с предыдущими работами и обсуждает влияние классических японских игр на свой стиль дизайна. Также блогер подробно рассуждает о технических нюансах реализации графики и механик на ограниченном железе.","Автор гордится результатом работы над No Quarter, отмечая значительный прогресс в качестве исполнения по сравнению со своими прошлыми проектами. Несмотря на жесткие технические ограничения Atari 2600 и Batari Basic, ему удалось создать функциональную игру с достойной графикой и продуманными деталями, такими как плавность движения объектов и визуальные эффекты.","Игра получилась качественнее предыдущего проекта автора; Графика в игре значительно лучше, чем в предыдущей работе автора; Наличие версии игры в 4K обеспечивает хорошую визуальную составляющую",Технические ограничения системы и компилятора не позволили реализовать первоначальный план; Невозможность реализовать дробное движение объектов из-за особенностей системы; Необходимость использования бинарно-совместимых десятичных чисел для счета очков,,2026-09-15 18:18
of-nooks-and-nonsense-a-pirate-hidden-object-game,Of Nooks and Nonsense: A Pirate Hidden Object Game,не найден,,,,,,,,1,,,,,поиск не дал подходящих роликов,2026-09-16 19:16
old-market-restored,Old Market Restored,не найден,,,,,,,,1,,,,,поиск не дал подходящих роликов,2026-09-16 11:02
once-before-us,Once Before Us,не найден,,,,,,,,1,,,,,поиск не дал подходящих роликов,2026-09-15 15:59
onimusha-way-of-the-sword,Onimusha: Way of the Sword,готов,https://www.youtube.com/watch?v=mhnIKRRYcys,Hollow,207652,43.5,3 months ago,en,Whisper,3,"Блогер делится впечатлениями от демоверсии Onimusha: Way of the Sword, отмечая, что игра очень понравилась ему по динамике боя и атмосфере. Он хвалит визуальную составляющую, отзывчивость управления и систему боевых механик, включая парирование и разрушение врагов. Несмотря на некоторые трудности с уклонением, он признает, что игровой процесс очень увлекательный и заставляет его хотеть купить полную версию игры.","Блогер крайне доволен игрой и планирует пройти её после релиза, отметив, что демоверсия пролетела очень быстро из-за увлекательного геймплея.",высокое качество графики на максимальных настройках; приятное ощущение от парирования; атмосферная визуальная составляющая; удовлетворительная механика разрезания врагов пополам; приятное ощущение от боевой системы,сложность управления уклонением; неожиданно пугающие моменты в стиле хоррора,,2026-09-16 18:43
oops-youre-the-hero,Oops! You're the Hero!,не найден,,,,,,,,1,,,,,поиск не дал подходящих роликов,2026-09-16 10:28
orbitals,Orbitals,готов,https://www.youtube.com/watch?v=rEJIWfeRrN0,CyYuVtuber,20541,56.7,13 days ago,en,Whisper,2,"Блогер делится впечатлениями от кооперативного приключения Orbitals, которое выполнено в стиле аниме 80-х и 90-х годов. Он отмечает визуальный стиль игры, сравнивая его с классическими работами, и хвалит внимание к деталям. В ходе прохождения блогер описывает специфические механики управления, такие как управление кораблем и использование различных инструментов, а также отмечает сложность некоторых моментов. Несмотря на некоторые трудности с управлением, он получает удовольствие от процесса и атмосферы игры.","Orbitals — это атмосферное кооперативное приключение с выразительным визуальным стилем в духе старых аниме. Блогер оценил графику и внимание к деталям, однако отметил, что управление кораблем может показаться странным или ограниченным. Несмотря на некоторые технические нюансы и сложность механик, игра оставляет приятное впечатление благодаря своей эстетике и динамике.",Визуальный стиль игры напоминает классическое аниме; Внимание к деталям в графике; Игра выглядит как качественное 3D-переосмысление 2D-стилистики; Удовлетворительная анимация нажатия кнопок; Приятная музыка,Сложное и специфическое управление кораблем; Механика управления кажется ограниченной; Некоторые элементы управления работают нестабильно,,2026-09-16 10:06
out-of-range,Out of Range,готов,https://www.youtube.com/watch?v=9dSWbUpmfHI,QaizherOnline,59,35.8,2 years ago,en,Whisper,1,"Блогер делится впечатлениями от раннего билда игры Out of Range, описывая её как пазл-физик. Он отмечает сложность управления и взаимодействия с объектами, а также периодически выражает замешательство из-за не всегда понятных механик и интерфейса.","Блогер отмечает, что Out of Range — это довольно сложная физическая головоломка с непростым управлением. Несмотря на технические трудности и порой запутанные механики, он находит процесс решения задач интересным.",Использование захвата объектов позволяет точно перемещать их; Механика притяжения в определенных зонах упрощает задачу; Удобство использования функции притяжения вместо веревки; Понятное изменение управления при использовании веревки; Удобство фиксации проводов на поверхности,Сложность управления и физики игры; Неудобные или непонятные элементы управления; Непонятный интерфейс и индикаторы; Сложность взаимодействия с тяжелыми объектами; Неочевидные способы решения задач,,2026-09-16 19:27
panchito-delivery-project-elevator,Panchito Delivery: Project Elevator,не найден,,,,,,,,1,,,,,поиск не дал подходящих роликов,2026-09-16 10:50
paratopic-overdub,Paratopic: Overdub,не найден,,,,,,,,1,,,,,поиск не дал подходящих роликов,2026-09-16 10:38
pawmart-tiny-market,PawMart Tiny Market,готов,https://www.youtube.com/watch?v=2mVQZg7Lwn8,RinKa Plays,11,16.7,1 day ago,en,Whisper,1,"Блогер делится своими впечатлениями от игры PawMart Tiny Market, описывая её как спокойный idle-симулятор. Основная претензия игрока заключается в том, что в игре практически нет возможности для ручного взаимодействия с игровым процессом: помимо покупки улучшений, совершать какие-либо действия для ускорения прогресса невозможно. Блогер отмечает, что игра хорошо сделана, но из-за отсутствия активного геймплея она может показаться скучной для тех, кто предпочитает участвовать в процессе, а не просто наблюдать за происходящим в фоновом режиме.","Блогер оценивает игру как достойную, но с оговорками из-за её чрезмерной пассивности. Он ставит ей оценку между «пальцем вверх» и промежуточным вариантом (примерно 75 градусов наклона к «пальцу вверх»), отмечая, что если бы в игре можно было делать что-то вручную, оценка была бы выше.",Игра хорошо сделана; Появление достижений; Возможность самостоятельно выбирать и покупать улучшения; Положительно оценивает возможность выбора нескольких товаров покупателями,Отсутствие возможности выполнять действия вручную; Скучный геймплей из-за пассивности игрока; Малое количество доступных уровней изменения цены; Медленная работа сотрудников,,2026-09-16 10:25
perfect-place,Perfect Place,не найден,,,,,,,,1,,,,,поиск не дал подходящих роликов,2026-09-16 10:22
pinball-vr-classic-arcade-simulator,Pinball VR: Classic Arcade Simulator,не найден,,,,,,,,1,,,,,поиск не дал подходящих роликов,2026-09-16 11:15
planetary-genesis-felis,Planetary Genesis: Felis,не найден,,,,,,,,1,,,,,поиск не дал подходящих роликов,2026-09-16 10:52
poly-peacocks,Poly Peacocks,не найден,,,,,,,,1,,,,,поиск не дал подходящих роликов,2026-09-15 18:19
popcorn-and-premieren,Popcorn & Premieren,не найден,,,,,,,,1,,,,,поиск не дал подходящих роликов,2026-09-16 10:50
reset-0-entropy-architect,RESET-0: Entropy Architect,не найден,,,,,,,,1,,,,,поиск не дал подходящих роликов,2026-09-16 19:34
roguelike-card-gamebusiness-empire,ROGUELIKE CARD GAME:BUSINESS EMPIRE,не найден,,,,,,,,1,,,,,поиск не дал подходящих роликов,2026-09-15 18:15
rpg-system,RPG System,не найден,,,,,,,,1,,,,,поиск не дал подходящих роликов,2026-09-16 19:40
ride-up-together,Ride Up Together,готов,https://www.youtube.com/watch?v=9J-bJRHMKZ8,ItsRitchieW and CrateUp,666,25.2,5 days ago,en,Whisper,1,"Блогер делится впечатлениями от кооперативного паркур-челленджа Ride Up Together. Он отмечает, что игра значительно сложнее, чем Chained Together, и требует высокой точности и терпения. Несмотря на высокий уровень фрустрации, он хвалит отзывчивость механик, плавность движений и общую проработку игры, рекомендуя её любителям подобных испытаний.","Блогер считает Ride Up Together отличной игрой для тех, кто любит паркур-челленджи и готов к высоким сложностям. Он отмечает, что игра ощущается качественной, с точными механиками и хорошим темпом, хотя она может сильно раздражать из-за своей трудности. Если вам нравится Chained Together, эта игра станет отличным следующим шагом.","отзывчивые платформы; хорошая работа механик и отсутствие «кривизны»; подходит для тех, кто любит оттачивать мастерство; хорошая игра для стримов",высокая сложность; нечестные моменты в геймплее; нестабильная работа молотов; сложность выхода из контейнера,,2026-09-16 11:00
road-connect,Road Connect,не найден,,,,,,,,1,,,,,поиск не дал подходящих роликов,2026-09-16 19:32
rogue-circuit,Rogue Circuit,не найден,,,,,,,,1,,,,,поиск не дал подходящих роликов,2026-09-16 19:40
roman-sands-rebuild,Roman Sands RE:Build,готов,https://www.youtube.com/watch?v=eYKC00woZ9w,Mama Bedlam VT,243,45.0,2 years ago,en,Whisper,1,"Блогер делится впечатлениями от демоверсии Roman Sands RE:Build, отмечая игру как очень вдохновляющую и визуально впечатляющую. Ему очень понравился художественный стиль, анимации и интерфейс, который он оценил как стильный и эффективный. Блогер также выделил интересный контраст между двумя сторонами игры, которые он увидел в демо. Несмотря на то, что демо было коротким, он выразил желание приобрести полную версию игры.","Блогер в восторге от Roman Sands RE:Build, называя её «чертовски хорошей видеоигрой». Он особенно оценил визуальное исполнение, проработку анимаций и продуманный интерфейс. Несмотря на некоторые ограничения демоверсии, игра произвела на него сильное впечатление своим воображением и стилем.",впечатляющий визуальный стиль; стильный и эффективный интерфейс; вдохновляющие анимации; приятная динамика взаимодействия меню и геймплея; уникальная и оригинальная идея лифта,ограниченность возможностей в демоверсии; невозможность прыгать,,2026-09-16 10:42
runescape-dragonwilds,RuneScape: Dragonwilds,готов,https://www.youtube.com/watch?v=LnwdjHpZzqU,Let's Game It Out,2697129,23.2,1 year ago,en,Whisper,2,"В данном ролике блогер знакомится с RuneScape: Dragonwilds, исследуя её как survival-игру с элементами строительства. Он активно экспериментирует с механикой изменения ландшафта, изучает систему выживания и проверяет возможности взаимодействия с окружением, используя магию и инструменты для создания базы.","Блогер остался доволен игрой, отметив её разнообразие и креативные возможности строительства, несмотря на некоторые технические проблемы и ограничения механик.",наличие механики строительства; красивые пейзажи; гибкость системы строительства; возможность полностью изменять ландшафт; Возможность очищать воду с помощью костра,необходимость ждать восстановления выносливости; ограничение уровня прокачки; проблемы с загрузкой при возрождении из-за обилия построек; Неудобство взаимодействия с некоторыми персонажами из-за особенностей ландшафта; Ограничения в строительстве в определенных зонах,,2026-09-16 10:34
runeomicon,Runeomicon,готов,https://www.youtube.com/watch?v=CAWFNF-WJYg,Angory Tom,51800,26.3,6 months ago,en,Whisper,1,"Блогер делится впечатлениями от игры Runeomicon, в которой игроку предстоит проводить ритуалы, вручную рисуя магические руны. Он отмечает, что игра требует высокой точности и навыка рисования, что поначалу вызывает трудности. Блогер хвалит систему прогрессии, возможность кастомизации защитных сооружений и визуальный стиль игры, связанный с темой темных богов и ритуалов. Основной сложностью для него стала необходимость быстро и точно воспроизводить сложные формы рун под давлением нарастающих волн врагов.","Runeomicon — это атмосферная игра про ритуалы и темных богов, которая затягивает своей механикой рисования рун. Несмотря на то, что точность рисования может стать серьезным испытанием для игрока, возможность развивать свою оборону и собирать уникальных существ делает процесс увлекательным. Игра отлично передает ощущение прогрессии, хотя некоторые улучшения могут стоить довольно дорого.",интересная система прокачки и выбора защитных сооружений; приятная система улучшения существ и их характеристик; атмосферная тематика игры; удовлетворительная динамика боя в конце уровня,высокая сложность из-за необходимости точности рисования; высокая стоимость некоторых улучшений; недостаточно эффективное лечение,,2026-09-16 10:48
rushcremental,Rushcremental,готов,https://www.youtube.com/watch?v=U5QqXZ4vK5U,Кай стример,1625,24.3,8 months ago,ru,Whisper,1,"Блогер знакомится с инкрементальной демо-версией Rushcremental, в которой необходимо собирать металлолом, улучшать характеристики и участвовать в гонках. Он отмечает прогрессию прокачки, систему квестов и наличие челленджей, однако указывает на некоторую скудность контента в демо-версии и не всегда понятные механики.","Rushcremental представляет собой инкрементальную игру с базовыми механиками сбора ресурсов и улучшения техники. Блогер отмечает наличие системы прогрессии и квестов, но указывает на то, что демо-версия довольно ограничена по контенту и местами может быть запутанной в плане механик.",наличие системы квестов; возможность улучшения характеристик,недостаточное количество контента в демо-версии; недостаточно информативное описание ограничений улучшений; недостаточная награда за выполнение условий; непонятные механики или визуальное отображение,,2026-09-16 10:27
side-out,SIDE OUT,не найден,,,,,,,,1,,,,,поиск не дал подходящих роликов,2026-09-15 18:21
singularity-xzx,SINGULARITY (xzx),не найден,,,,,,,,1,,,,,поиск не дал подходящих роликов,2026-09-16 14:00
sprawl-zero,SPRAWL zero,готов,https://www.youtube.com/watch?v=593UJzrXTlA,GmanLives,238557,24.5,5 days ago,en,Whisper,2,"В ролике блогер проходит SPRAWL zero, оценивая её как динамичный и драйвовый шутер. Автор анализирует геймплейные механики, систему способностей и визуальный стиль игры, сравнивая их с классическими проектами начала 2000-х.","Общее впечатление блогера крайне положительное: игра признана одним из лучших опытов стрельбы в последнее время благодаря отличной динамике и атмосфере. Однако автор отмечает, что драйв порой омрачается техническими проблемами, однообразными задачами и неудачной реализацией финального босса.",Игра ощущается как качественный шутер начала 2000-х с упором на физику; Один из лучших опытов стрельбы в последнее время; Визуальный стиль отлично передает атмосферу консольных игр того периода; В игре отличный саундтрек в стиле drum and bass; Разработчики успешно копируют подход к дизайну уровней из старых игр,Способность Rushdown быстро расходует энергию и кажется менее полезной; Многие элементы уровней ощущаются как намеренная «набивка» для увеличения длительности игры; Повторяющиеся задачи и необходимость возвращаться в исходную точку несколько раз; Финальный босс реализован очень плохо из-за отсутствия чекпоинта перед битвой и повторения одной и той же фазы трижды; Наличие раздражающих технических проблем в основе игры,,2026-09-16 10:03
sss-fpv,SSS-FPV,не найден,,,,,,,,3,,,,,поиск не дал подходящих роликов,2026-09-16 14:10
stilltrace,STILLTRACE,не найден,,,,,,,,1,,,,,поиск не дал подходящих роликов,2026-09-16 10:20
sakura-branch-blossom-puzzle,Sakura Branch: Blossom Puzzle,не найден,,,,,,,,1,,,,,поиск не дал подходящих роликов,2026-09-16 19:13
secrets-of-temple-isle,Secrets of Temple Isle,готов,https://www.youtube.com/watch?v=Fc0aVJh_5to,Eden Everthil,12,16.9,4 months ago,en,Whisper,2,"Блогер делится впечатлениями от процесса игры, отмечая интересное развитие сюжета и наличие забавных моментов. Он активно взаимодействует с игровым миром, комментируя поведение NPC и свои действия. Основная часть видео посвящена разбору механик, где автор предлагает конкретные улучшения интерфейса и управления для удобства геймплея.","Secrets of Temple Isle оставляет приятное впечатление благодаря интересному сюжету и атмосфере, однако игре требуется доработка интерфейса и системы управления для более плавного игрового процесса.",Интересное развитие сюжета; Приятная музыка; Разнообразные и забавные взаимодействия с NPC,Отсутствие возможности видеть урон перед покупкой предмета; Запутанная система маркеров на экране; Неудобство управления инвентарем и переключения между инструментами и оружием; Проблемы с отображением прически при скрытии брони,,2026-09-16 10:36
sect-logistics,Sect Logistics,не найден,,,,,,,,1,,,,,поиск не дал подходящих роликов,2026-09-16 19:25
seed-shop-tidy-up,Seed Shop: Tidy Up!,не найден,,,,,,,,1,,,,,поиск не дал подходящих роликов,2026-09-15 18:22
serious-sam-shatterverse,Serious Sam: Shatterverse,готов,https://www.youtube.com/watch?v=lzXM2aOxBr0,GmanLives,389585,24.8,2 weeks ago,en,Whisper,2,"В ролике блогер делится своим опытом прохождения Serious Sam: Shatterverse, анализируя основные механики и визуальный стиль проекта. Автор подробно разбирает систему прогрессии, сложность уровней и способы взаимодействия с игровым миром.","Блогер крайне разочарован игрой, считая её неудачным продуктом, который не соответствует ожиданиям фанатов и лишен уникальной идентичности серии. Его негативное мнение сохраняется на протяжении всего ролика: от критики визуального стиля и сценария до разочарования от несбалансированных механик.",интересные способности у разных версий Сэма; система получения информации об игровом мире через кодекс,"непродуманный и слишком резкий скачок сложности на уровне Shattered; плохой баланс в кооперативном режиме; недостаточное количество ресурсов для прогрессии; Игра кажется набором случайных концепций, которые не складываются в единое целое; Сюжет практически отсутствует, а сценарий написан очень плохо",,2026-09-16 10:02
shardkeep,Shardkeep,не найден,,,,,,,,1,,,,,поиск не дал подходящих роликов,2026-09-16 14:00
shh-supergirl-is-doing-online-shopping,Shh! Supergirl is doing online shopping!,не найден,,,,,,,,1,,,,,поиск не дал подходящих роликов,2026-09-16 19:16
shutterout,ShutterOut,не найден,,,,,,,,1,,,,,поиск не дал подходящих роликов,2026-09-15 18:21
sicarios,Sicarios,не найден,,,,,,,,1,,,,,"FiC1Q-Im4sQ: мало речи блогера (0 символов в минуту); daG_peiCLl4: тот же канал, в его ролике мало речи",2026-09-16 19:32
slimemerge,SlimeMerge,не найден,,,,,,,,1,,,,,поиск не дал подходящих роликов,2026-09-16 19:40
snuggle-nightmare,Snuggle Nightmare,готов,https://www.youtube.com/watch?v=SD3F3ZBj3lo,AesmatvGaming,1289,59.7,3 months ago,en,Whisper,1,"Блогер отмечает, что Snuggle Nightmare — это хорошо сделанная и пугающая игра, однако он считает её слишком сложной и перегруженной лишними механиками. Основные претензии связаны с неудобным управлением, кнобками и камерами, которые делают прохождение невозможным из-за отсутствия пространства для маневра. Несмотря на критику сложности, автор признает качество исполнения и атмосферу игры.","Snuggle Nightmare — качественный хоррор с хорошей атмосферой, но он может вызвать сильное раздражение из-за технических огрехов. Блогер считает, что игра переусложнена: сочетание неповоротливого управления, слишком большого количества камер и маленькой карты создает ситуацию, где у игрока почти нет шансов на успех. Несмотря на эти проблемы, автор отмечает, что игра пугает и выполнена добротно.","Механика складывания коробок реализована лучше, чем в других играх; Игроку не нужно терять предметы после смерти; Игра хорошо сделана и атмосферно; Хорошие скриптовые моменты с пугающими эффектами; Эффективные скримеры в начале игры","Неудобное и неповоротливое управление предметами; Слишком высокая сложность и избыточная запутанность; Слишком много камер, которые мгновенно выдают местоположение игрока; Маленькая карта и ограниченный радиус перемещения противника",,2026-09-16 10:26
solvizz,Solvizz,готов,https://www.youtube.com/watch?v=NmMaiVkL9nc,Gerome LeGrom Gaming,106,17.6,3 days ago,fr,Whisper,1,"Блогер знакомит зрителей с Solvizz — уютной пазл-игрой на тему мозга, состоящей из девяти регионов. Он отмечает, что игра постепенно усложняется: сначала задачи кажутся простыми, но требуют внимательности и понимания логики. Блогер подчеркивает, что как только игрок схватывает принцип решения, процесс идет быстро. Он демонстрирует несколько разных типов головоломок, объясняя правила каждой из них и показывая, как визуальное восприятие может иногда мешать правильному пониманию условий.","Solvizz — это спокойная и уютная пазл-игра, которая отлично подходит для тех, кто любит логические задачи. Хотя игра может потребовать времени на освоение правил и понимание логики каждой области, она вознаграждает игрока моментами «эврики» и быстрым прогрессом после того, как принцип решения становится понятным.","Игра имеет уютную и спокойную атмосферу; После того как игрок понимает логику, решение задач становится быстрым; В игре есть моменты внезапного озарения, когда решение становится очевидным",Игра не сохраняет настройки языка; Иногда визуальное восприятие формы может сбивать с толку,,2026-09-16 11:16
sort-the-toys,Sort The Toys,не найден,,,,,,,,1,,,,,поиск не дал подходящих роликов,2026-09-16 10:48
stack-together-to-the-moon-stack-build-and-escape,"Stack Together: To the Moon - Stack, Build & Escape",не найден,,,,,,,,1,,,,,поиск не дал подходящих роликов,2026-09-16 19:25
stock-market-crash-2,Stock Market Crash 2,не найден,,,,,,,,1,,,,,среди роликов нет летсплеев,2026-09-16 10:21
sudoku-sand-games,Sudoku (Sand Games),не найден,,,,,,,,1,,,,,поиск не дал подходящих роликов,2026-09-16 19:16
sukmantos-kitchen-1990,Sukmantos Kitchen 1990,не найден,,,,,,,,1,,,,,поиск не дал подходящих роликов,2026-09-15 18:20
super-clown-spookyland,Super Clown Spookyland,не найден,,,,,,,,1,,,,,поиск не дал подходящих роликов,2026-09-16 10:48
suqare-hired-gun,Suqare: Hired Gun,не найден,,,,,,,,1,,,,,поиск не дал подходящих роликов,2026-09-15 13:01
tcg-card-shop-simulator,TCG Card Shop Simulator,готов,https://www.youtube.com/watch?v=6Dfe6CiqV-k,Skoottie,3646373,50.3,1 year ago,en,Whisper,1,"В ролике блогер делится опытом управления магазином в TCG Card Shop Simulator, ставя перед собой амбициозные цели по количеству открытых пачек, проведению турниров и сбору редких коллекционных карточек. На протяжении двух частей он исследует механику развития бизнеса, экспериментирует с ценообразованием и анализирует эффективность найма персонала и различных улучшений магазина.","Блогер остался доволен игрой, отметив увлекательный процесс развития магазина и приятное чувство прогресса при выполнении масштабных задач. Несмотря на некоторые технические огрехи и специфические ограничения механик, проект показался ему интересным симулятором с элементами азарта и стратегии.","Реалистичная система выпадения редких карточек, где большинство из них не имеют высокой стоимости; Возможность открывать паки и получать редкие карточки, такие как Ghost cards; Возможность перемещаться по магазину и находиться на крыше; Возможность проводить турниры, которые приносят хороший доход; Хорошая динамика продаж на начальных этапах игры","Неудобная скорость открытия пачек в версии игры, на которой играл блогер; Необоснованно высокая цена на кубики; Медленная работа сотрудника, из-за которой теряются продажи; Рабочий стол является пустой тратой денег на текущем этапе игры; Процесс создания бандлов карточек через рабочий стол очень медленный",,2026-09-16 13:07
trumpp-vs-elon-tycoon,TRUMPP VS ELON TYCOON,не найден,,,,,,,,1,,,,,поиск не дал подходящих роликов,2026-09-16 10:22
tale-of-beauty,Tale of Beauty,не найден,,,,,,,,1,,,,,поиск не дал подходящих роликов,2026-09-16 10:20
tapybuddy,TapyBuddy,не найден,,,,,,,,1,,,,,поиск не дал подходящих роликов,2026-09-16 19:32
taskbar-colony,Taskbar Colony,не найден,,,,,,,,1,,,,,поиск не дал подходящих роликов,2026-09-16 10:21
tenebris-terra-incognita,Tenebris: Terra Incognita,готов,https://www.youtube.com/watch?v=W4U1P-l9EVs,Splattercatgaming,77783,33.1,1 year ago,en,Whisper,1,"В ролике блогер делится впечатлениями от прохождения Tenebris: Terra Incognita в раннем доступе. Он анализирует геймплейные механики, сравнивая проект с Darkest Dungeon и Helldivers, и оценивает общую атмосферу и тактическую глубину игры.","Блогер считает, что у игры отличный фундамент и потенциал стать достойной альтернативой Darkest Dungeon, однако на текущем этапе она может показаться однообразной из-за гринда и линейности уровней.","Наличие системы комбинаций, когда персонажи могут атаковать вместе; Хорошая основа игры; Приятный процесс уничтожения космических насекомых; Эффективность тактики с упором на чистый урон; Визуальное отображение повреждений на врагах",Механика способностей с вероятностью срабатывания и долгим кулдауном; Высокая повторяемость и избыточный гринд; Линейность уровней и отсутствие карты с иконками для планирования; Отсутствие разнообразия врагов; Недостаток элементов удобства (QoL),,2026-09-16 19:31
terminal-mission,Terminal Mission,готов,https://www.youtube.com/watch?v=UJjAz1q5zq0,Mr Feudal,9561,54.0,1 year ago,en,Whisper,1,"В данном ролике блогер делится впечатлениями от прохождения миссии в Terminal Mission, подробно разбирая системы прогрессии, кастомизации оружия и механики взаимодействия с миром. Автор анализирует опыт игры на различных уровнях сложности, описывает способы получения редкого снаряжения и делится своими эмоциями от выполнения задач.","Несмотря на сложности с управлением терминалом и ограниченный объем инвентаря, блогер считает игру очень веселой и рекомендует её к покупке как увлекательный PvE-проект для игры с друзьями.",Разнообразие контента и возможностей для прокачки; Наличие большого количества полезного лута в игровом мире; Наличие разнообразного оружия; Высокая динамика и количество противников; Общая увлекательность игры,Ограниченность выбора оружия в некоторых категориях; Сложность управления терминалом; Высокая сложность карты Bunker; Неудобство из-за ограниченного объема инвентаря,,2026-09-16 19:11
text-battle-royale,Text Battle Royale,не найден,,,,,,,,1,,,,,поиск не дал подходящих роликов,2026-09-16 10:50
the-alighieri-circle-dantes-bloodline,The Alighieri Circle: Dante's Bloodline,готов,https://www.youtube.com/watch?v=SQXGJaxmYn0,QuelTaleAle Games,16747,31.3,6 months ago,it,Whisper,1,"Блогер делится первыми впечатлениями от демоверсии The Alighieri Circle: Dante's Bloodline, подчеркивая интерес к жанру и разработчикам. Он отмечает атмосферу игры, систему исследования и визуальные эффекты, хотя и упоминает о некоторой темноте в локациях. Блогер выражает ожидание полноценного релиза, отмечая интригующий сюжет и потенциал проекта.","Блогер оценивает демоверсию как интригующую и атмосферную игру с хорошим потенциалом. Ему нравится визуальный стиль и то, как реализовано исследование локаций без лишних препятствий в темноте. Несмотря на отсутствие карты и местами низкую видимость, он с интересом ждет полноценного релиза, особенно учитывая опыт разработчиков в подобных проектах.",атмосферная и мрачная обстановка; интригующий и интересный сюжет; понятная навигация и отсутствие внезапных засад в темноте; стильный визуальный ряд,недостаточная видимость некоторых объектов из-за темноты; отсутствие карты в игре,,2026-09-16 10:14
the-architect-of-nowhere,The Architect of Nowhere,не найден,,,,,,,,1,,,,,поиск не дал подходящих роликов,2026-09-16 10:52
the-blood-of-dawnwalker,The Blood of Dawnwalker,готов,https://www.youtube.com/watch?v=nLgbKoY6ZlE,Neon Knight,1400195,17.2,2 weeks ago,en,Whisper,2,"Блогер крайне положительно оценивает The Blood of Dawnwalker, называя её отличной игрой для тех, кто ценит сюжет и персонажей. Он особо выделяет проработанный мир, интересные квесты и систему боя, которая сочетает в себе экшен и стратегию. Основной особенностью игры является система ограничения времени (30 игровых дней), которая заставляет игрока планировать свои действия и выбирать приоритеты. Несмотря на наличие некоторых технических багов, блогер полностью рекомендует игру.","Блогер полностью рекомендует The Blood of Dawnwalker, называя её отличной игрой с захватывающим сюжетом, глубокими персонажами и увлекательным геймплеем.",отличный сюжет и глубокие персонажи; проработанный мир и лор; качественные и интересные квесты; приятная и стратегическая боевая система; хорошая графика,враги иногда слишком живучие; некоторые технические ошибки; редкие вылеты на главном меню,,2026-09-16 10:12
the-bow-ultimate-weapon,The Bow: Ultimate weapon,готов,https://www.youtube.com/watch?v=OdGjI7WfwJY,Venky Arisko,91,60.6,Streamed 2 days ago,id,Whisper,1,"Блогер делится первыми впечатлениями от игры The Bow: Ultimate weapon, которую он получил на ранний обзор перед официальным релизом. Он отмечает уникальность инкрементального геймплея, где игрок не просто стоит на месте (AFK), а активно сражается и исследует мир. Блогер хвалит систему прогрессии, разнообразие улучшений и общую атмосферу игры, называя её подходящей для тех, кто ищет расслабляющий и уютный геймплей без лишних сложностей. Несмотря на некоторые трудности с балансом урона и скоростью продажи предметов, он крайне доволен игрой и рекомендует её любителям жанра.","Блогер очень доволен игрой The Bow: Ultimate weapon, называя её отличным выбором для любителей инкрементальных игр. Он отмечает, что проект выделяется на фоне типичных AFK-игр своей динамикой и уникальностью. Несмотря на некоторые шероховатости в балансе (например, медленная продажа лута), игра оставляет очень позитивные впечатления и рекомендуется к покупке.","Интересная и уникальная механика инкрементального прогресса; Игра подходит для тех, кто любит уютный и спокойный геймплей; Приятный и увлекательный процесс игры; Возможность активно участвовать в сражениях, а не просто ждать",Низкая скорость продажи предметов; Недостаточный урон для победы над сильными противниками,,2026-09-15 18:21
the-event,The Event,не найден,,,,,,,,1,,,,,среди роликов нет летсплеев,2026-09-15 13:02
the-excavation-beneath-the-cathedral,The Excavation: Beneath The Cathedral,не найден,,,,,,,,1,,,,,поиск не дал подходящих роликов,2026-09-16 10:44
the-glass-greenhouse-pharmacy,The Glass Greenhouse Pharmacy,не найден,,,,,,,,1,,,,,поиск не дал подходящих роликов,2026-09-15 18:22
the-gokturk-caravan,The Gokturk: Caravan,не найден,,,,,,,,1,,,,,поиск не дал подходящих роликов,2026-09-16 10:49
the-last-15-minutes-on-tau-alpha-7,The Last 15 Minutes on Tau Alpha 7,не найден,,,,,,,,1,,,,,поиск не дал подходящих роликов,2026-09-16 19:40
the-laundry-that-wont-open,The Laundry That Won't Open.,не найден,,,,,,,,1,,,,,поиск не дал подходящих роликов,2026-09-16 19:33
the-listener,The Listener,готов,https://www.youtube.com/watch?v=79bdjEVsEc8,Icee Flame101,48608,12.0,9 months ago,en,Whisper,1,"Блогер делится впечатлениями от игры The Listener, концентрируясь на поведении главного антагониста — Listener. Основное внимание уделяется механике перемещения врага, его способности разрушать двери при рывке и тому, как он реагирует на звуки, создаваемые игроком. Блогер отмечает пугающую атмосферу и специфические визуальные эффекты, такие как «галлюцинации» дверей.","Блогер отмечает, что игра обладает напряженной атмосферой и интересными механиками взаимодействия с Listener, особенно в плане реакции монстра на шум и его способности пробивать препятствия. Несмотря на периодические баги, из-за которых враг застревает в стенах или фонтанах, игра производит сильное впечатление.",Враг способен разрушать двери при рывке; Пугающая атмосфера игры; Наличие визуальных эффектов в виде галлюцинаций,Враг иногда застревает в окружении или объектах,,2026-09-16 19:43
the-night-shift,The Night Shift,готов,https://www.youtube.com/watch?v=bm8T0oD633E,KingWoolz Games,167711,113.0,3 days ago,en,Whisper,1,"В серии роликов блогер Donut Panic знакомится с демо-версией и полным прохождением игры The Night Shift. Автор оценивает проект как качественный инди-хоррор, уделяя внимание визуальному стилю, механике приготовления еды и атмосфере игры.","Блогер в восторге от The Night Shift, называя её потенциально лучшей игрой в жанре simulator horror благодаря плавности геймплея и удачному балансу между юмором и сюжетом. Несмотря на некоторые сложности с управлением и странности интерьера дома, общее впечатление от проработки деталей и системы аномалий осталось крайне положительным.",высокое качество инди-игры; качественный визуальный стиль; проработка игры в целом; интересная система галлюцинаций; уникальные аномалии,сложность в соблюдении точности декораций; недостаточное объяснение некоторых механик; странный интерьер дома,,2026-09-16 19:39
the-plant-shop,The Plant Shop,готов,https://www.youtube.com/watch?v=4wAOIxr15-Y,BamBamsLife,64,19.7,4 days ago,en,Whisper,1,"Блогер делится впечатлениями от демоверсии The Plant Shop, отмечая приятную атмосферу и интересные механики управления магазином. Он хвалит визуальный стиль игры, сравнивая его с Photomaly, и отмечает наличие режима бесконечного прохождения. Однако основной критикой является слишком короткая продолжительность демоверсии, из-за которой блогеру не удалось полноценно прочувствовать элементы хоррора. Несмотря на это, он выражает искренний интерес к полноценному релизу и уже добавил игру в свой список желаемого.","The Plant Shop — это интригующая инди-игра с приятной эстетикой и интересным геймплеем управления магазином. Хотя демоверсия оказалась слишком короткой, чтобы полностью раскрыть потенциал хоррора, игра оставляет приятное послевкусие и желание увидеть полноценный релиз с расширенным сюжетом и новыми механиками.",атмосферный и крутой визуальный стиль; наличие режима бесконечного прохождения; удобство взаимодействия с объектами; интересные механики и прогрессия,слишком короткая продолжительность демоверсии; недостаточно выраженные элементы хоррора; неидеальный перевод из-за иностранных разработчиков,,2026-09-16 10:41
the-solyanis-code,The Solyani's Code,не найден,,,,,,,,1,,,,,поиск не дал подходящих роликов,2026-09-15 13:01
tidy-up-history,Tidy Up History,не найден,,,,,,,,1,,,,,среди роликов нет летсплеев,2026-09-16 11:03
tidy-or-treat,Tidy or Treat,не найден,,,,,,,,1,,,,,среди роликов нет летсплеев,2026-09-16 11:05
tinker-shot,Tinker Shot,готов,https://www.youtube.com/watch?v=Ne-NCdMzjtY,Angory Tom,30488,34.7,1 year ago,en,Whisper,1,"Блогер делится впечатлениями от демо-версии Tinker Shot, в которой он играет за мага. Основное внимание уделяется механике создания и модификации заклинаний, а также тактическому планированию боя. Блогер отмечает интересные возможности кастомизации способностей, такие как урон, ricochet, притяжение и создание клонов, однако иногда выражает сомнения в эффективности некоторых механик (например, Love Bomb) и балансе определенных модификаторов.","Tinker Shot предлагает увлекательный процесс создания собственных заклинаний с различными модификаторами, что дает игроку чувство контроля над магией. Блогеру понравились механики рикошета, призыва и заморозки, хотя он отметил наличие некоторых слабых или неудачных комбинаций способностей. Игра демонстрирует интересный геймплейный цикл, где важно правильно комбинировать эффекты для преодоления препятствий и победы над врагами.",Интересная механика создания и модификации заклинаний; Приятно реализованный эффект рикошета; Удобная и полезная механика создания призываемых существ; Полезная механика пробития твердых объектов; Эффектная механика заморозки,Некоторые модификаторы кажутся неэффективными или имеют плохую синергию; Неочевидная или слабая эффективность механики Love Bomb; Неприятный звук при призыве существ; Неприятные ограничения на работу модификаторов,,2026-09-16 10:39
tiny-farmie,Tiny Farmie,не найден,,,,,,,,1,,,,,поиск не дал подходящих роликов,2026-09-16 10:44
tocotoco,TocoToco,готов,https://www.youtube.com/watch?v=lhYh2a3GLA8,Jaydeep Plays,6393,25.0,8 months ago,hi,Whisper,1,"Блогер демонстрирует возможности существа TocoToco в игре Palworld, фокусируясь на его боевых характеристиках и эффективности в сражениях с боссами. Он подробно описывает процесс получения, улучшения и прокачки TocoToco, а также показывает его способность наносить значительный урон и побеждать сильных противников, включая боссов.","Блогер впечатлен мощью TocoToco, называя его очень сильным существом, способным справляться с серьезными противниками. Несмотря на необходимость в ресурсах для улучшения, он считает его отличным выбором для боя.",высокие характеристики атаки и защиты; эффективность в бою против боссов; мощный урон,необходимость в использовании дополнительных ресурсов для улучшения,,2026-09-15 18:18
toms-last-adventure,Tom's Last Adventure,не найден,,,,,,,,1,,,,,поиск не дал подходящих роликов,2026-09-15 18:17
tower-craft,Tower Craft,не найден,,,,,,,,1,,,,,среди роликов нет летсплеев,2026-09-16 10:22
train-sim-world-7,Train Sim World 7,готов,https://www.youtube.com/watch?v=FQ1g5DgsMY0,Daggerwin,44008,49.2,5 days ago,en,Whisper,1,"В данном ролике блогер знакомится с Train Sim World 7, демонстрируя прохождение сценариев на маршрутах в Великобритании и США. Автор оценивает механику управления поездами, систему динамической погоды и визуальное исполнение симуляции. Основное внимание уделяется погружению в процесс работы машиниста и детальной проработке окружения.","Блогер остался доволен игрой, отметив её высокую степень реализма, приятную атмосферу и качество проработки деталей. Несмотря на сложности с точным торможением и соблюдением графика, автор оценил проект как отличный и аутентичный симулятор.",высокая степень погружения; реалистичная вода; красивые пейзажи; высокий уровень реализма; приятный звук путей,Сложность точного торможения и соблюдения графика; небольшой размер интерфейса (HUD),,2026-09-15 18:19
trumps-of-albion,Trumps Of Albion,не найден,,,,,,,,1,,,,,поиск не дал подходящих роликов,2026-09-16 14:00
two-point-hospital-full-health-collection,Two Point Hospital: Full Health Collection,не найден,,,,,,,,1,,,,,поиск не дал подходящих роликов,2026-09-16 11:08
vhs-nights-the-tidy-up-shift,VHS Nights: The Tidy Up Shift,не найден,,,,,,,,1,,,,,поиск не дал подходящих роликов,2026-09-16 10:50
valheim,Valheim,готов,https://www.youtube.com/watch?v=j-bN-MUzvI0,Cornelius,1902152,113.0,2 years ago,de,Whisper,2,"В данном ролике блогер делится своим опытом выживания в Valheim в течение 100 дней, охватывая путь от каменного века до продвинутых этапов развития. Он подробно описывает процессы строительства базы, terraforming, фермерства, исследования различных биомов и подготовки к сражениям с боссами. Автор анализирует прогрессию персонажа, механику крафта и свои открытия в игровом мире.","Блогер доволен Valheim, отмечая глубокие механики строительства, разнообразие контента и приятную атмосферу сочетания суровости и уюта. Несмотря на наличие технических ошибок, проблем с балансом ресурсов и дымоудаления, игра оставляет позитивные впечатления благодаря ощущению прогресса.",Возможности строительства и планировки базы; Полезные и интересные новые механики и предметы; Удобная возможность быстрого перемещения домой через порталы; Появление большого количества нового контента и предметов по сравнению с релизом игры; Атмосфера игры сочетает в себе суровость и уют,Технические ошибки и баги игры; Проблемы с системой дымоудаления в постройках: дым задерживается под крышей и душит печи; Слишком высокая сложность добычи серебра; Недостаток серебра в горах; Сложность разрушения некоторых объектов,,2026-09-15 17:26
veridus-the-walking-nightmare,Veridus The Walking Nightmare,не найден,,,,,,,,1,,,,,поиск не дал подходящих роликов,2026-09-16 11:05
watt-fur-animal-power-plant,WATT FUR? Animal Power Plant,не найден,,,,,,,,1,,,,,поиск не дал подходящих роликов,2026-09-15 15:57
we-are-football-2027,WE ARE FOOTBALL 2027,готов,https://www.youtube.com/watch?v=FvIpUJSEpLU,TrainCityDaniel,3263,34.5,1 day ago,de,Whisper,1,"Блогер знакомит зрителей с предварительной версией WE ARE FOOTBALL 2027, демонстрируя основные изменения, новые режимы и функционал. Он подробно рассматривает интерфейс, систему выбора лиг, настройки тренировок, финансовые инструменты и возможности управления стадионом. Особое внимание уделяется новым фичам, таким как режим игры без бюджета, возможность создания собственного клуба и расширенные настройки для фанатов. Блогер отмечает визуальное качество 3D-объектов и глубину проработки некоторых систем.","Блогер демонстрирует WE ARE FOOTBALL 2027 как качественное развитие серии с множеством новых инструментов для управления клубом и визуальными улучшениями. Несмотря на отсутствие лицензий на стадионы, игра предлагает глубокие механики, такие как управление финансами, развитие инфраструктуры и расширенные настройки для фанатов, что делает её привлекательной для любителей футбольных менеджеров.","Появление поддержки нескольких языков, включая немецкий, английский и французский.; Наличие режима игры без бюджета, который был реализован благодаря сообществу.; Впечатляющий визуальный стиль 3D-объектов и зданий.; Новая организация запасной скамейки в интерфейсе.",Отсутствие лицензий на оригинальные стадионы.,,2026-09-16 11:02
wait-cards-i-memorized,"Wait, Cards I Memorized?",не найден,,,,,,,,1,,,,,поиск не дал подходящих роликов,2026-09-16 19:42
welcome-to-mars-9,Welcome To Mars 9,готов,https://www.youtube.com/watch?v=Mu51nyfyXPs,NivPlaysIndieGames,64,11.6,11 days ago,en,Whisper,1,"Блогер делится впечатлениями от демоверсии Welcome To Mars 9, отмечая атмосферу таинственности и интересный сеттинг космической станции. Он хвалит удобство перемещения по локациям и визуальную составляющую, а также отмечает динамику повествования. Блогер отмечает, что демоверсия довольно короткая, но считает это преимуществом, так как он ценит лаконичные демо-игры. В заключении он выражает интерес к продолжению истории и надеется, что искусственный интеллект в игре не окажется злодейским.","Блогер остался доволен демоверсией Welcome To Mars 9, отметив её атмосферу и удобство механик. Несмотря на краткость прохождения, он выразил заинтересованность в основной игре.",удобная система перемещения по станции; приятная визуальная составляющая; хороший темп повествования; лаконичность демоверсии,,,2026-09-16 10:48
welcome-to-elderfield,Welcome to Elderfield,готов,https://www.youtube.com/watch?v=zShxf0U9wBA,Gab Smolders,277889,118.5,1 year ago,en,Whisper,2,"В ролике блогер знакомится с демоверсией Welcome to Elderfield, исследуя мир, сочетающий элементы фермерства, RPG и хоррора. Автор оценивает визуальный стиль, систему крафта, рыбалку и различные механики взаимодействия с окружением, такие как система новостей и благословений. На протяжении прохождения блогер анализирует баланс между сельской жизнью и исследованием загадочных зон.","Блогер остался доволен демоверсией, отметив её качественную атмосферу и глубину механик, несмотря на некоторые неудобства интерфейса и меньшее количество фермерства, чем ожидалось изначально.",Привлекательный визуальный стиль; Интересная система новостей; Полезные и разнообразные функциональные объекты; Хорошее качество графики и атмосферы; Удобная система автоматического экипирования,"Ограниченное количество места в инвентаре; Сложность размещения некоторых объектов; Неожиданная механика респауна монстров при омовении; Отсутствие возможности пропуска времени во время сна; Непонятно, что делать с визуальными изменениями окружения",,2026-09-16 10:18
wo-long-fallen-dynasty-complete-edition,Wo Long: Fallen Dynasty - Complete Edition,готов,https://www.youtube.com/watch?v=Hyehc61u8OU,TheGamesDenTV,133,100.0,Streamed 2 years ago,en,Whisper,3,"Блогер делится своими впечатлениями от игры Wo Long: Fallen Dynasty - Complete Edition. Он отмечает наличие системы духа, механик парирования и уворотов, а также систему морали. Игроку нравится визуальный стиль экипировки и наличие большого количества предметов в Complete Edition. Однако автор выражает значительное недовольство сложностью игры, особенно в сражениях с боссами, и критикует систему навигации и отсутствие четких указателей в мире.","Wo Long: Fallen Dynasty - Complete Edition предлагает интересный геймплей с глубокими механиками боя и красивым визуалом, но игра может сильно отбить желание продолжать из-за запредельной сложности боссов и запутанной навигации.",удобная механика уворотов; приятный внешний вид экипировки; богатое содержимое версии Complete Edition; эффективность определенных предметов,чрезвычайная сложность босс-файтов; плохая система навигации и отсутствие указателей; неудобная система веса экипировки; неудачные решения в выборе оружия,,2026-09-16 18:42
woodo,Woodo,готов,https://www.youtube.com/watch?v=Hs7GeOrQt7M,TheFlluffyDen,9,46.6,12 hours ago,en,Whisper,1,"Блогер делится впечатлениями от демоверсии Woodo, описывая её как очень простую, креативную и невероятно расслабляющую игру. Основной геймплей строится на сборке пазлов в декорациях деревянных диорам. Автор отмечает уникальность концепции, сравнивает атмосферу с игрой Cozy Caravan и выражает желание поиграть в проект на Nintendo Switch. Несмотря на то, что некоторые пазлы вызвали трудности, блогер остался в восторге от визуального стиля и общего настроения игры.","Блогер крайне положительно оценивает Woodo, рекомендуя её на 100% за уникальность, милый стиль и расслабляющий геймплей. Несмотря на периодические трудности с поиском нужных деталей, автор считает игру очень приятной и качественной.",уникальный и креативный геймплей; расслабляющая атмосфера; приятная графика и визуальный стиль; плавная работа игры; интересная система прогрессии и карты,сложность некоторых пазлов,,2026-09-16 11:07
wortgewandt,Wortgewandt,не найден,,,,,,,,1,,,,,xpM7QzNbAqk: в ролике нет мнения блогера об игре,2026-09-16 10:53
lemon-cat,lemon cat,не найден,,,,,,,,1,,,,,среди роликов нет летсплеев,2026-09-16 14:00
